ปี พ.ศ.,ปี ค.ศ.,จังหวัด,Area (EN),ประเภท,Processing (EN),สินค้าเดิม,Original Good (EN),หมวดหมู่ใหม่,New Category (EN),น้ำหนักรวม (กก.)
2565,2022,กระบี่,Krabi,ขาเข้า,Arrival,ผลผลิตเกษตรอื่นๆ,Other agricultural crops,ผลผลิตเกษตรกรรม,Agricultural Products,"103,934.53"
2565,2022,กระบี่,Krabi,ขาเข้า,Arrival,ผลิตภัณฑ์ปิโตรเลียม,Petroleum products,พลังงานและเชื้อเพลิง,Energy & Fuel,"3,371.40"
2565,2022,กระบี่,Krabi,ขาเข้า,Arrival,สินค้าเบ็ดเตล็ด,Miscellaneous goods,คอนเทนเนอร์และสินค้าเบ็ดเตล็ด,Containers & Miscellaneous Goods,"10,990.16"
2565,2022,กระบี่,Krabi,ขาออก,Departure,ผลผลิตเกษตรอื่นๆ,Other agricultural crops,ผลผลิตเกษตรกรรม,Agricultural Products,"306,869.61"
2565,2022,กระบี่,Krabi,ขาออก,Departure,เครื่องบริโภคอื่นๆ,Other food products,ปศุสัตว์และอาหาร,Livestock & Food Products,"312,517.34"
2565,2022,กระบี่,Krabi,ขาออก,Departure,ซีเมนต์,Cement,วัสดุก่อสร้างและแร่ธาตุ,Construction Materials & Minerals,"759,700.00"
2565,2022,กระบี่,Krabi,ขาออก,Departure,แร่ธาตุอื่นๆ,Other minerals,วัสดุก่อสร้างและแร่ธาตุ,Construction Materials & Minerals,"969,615.00"
2565,2022,กระบี่,Krabi,ขาออก,Departure,สินค้าเบ็ดเตล็ด,Miscellaneous goods,คอนเทนเนอร์และสินค้าเบ็ดเตล็ด,Containers & Miscellaneous Goods,"10,779.16"
2565,2022,กรุงเทพมหานคร,Bangkok,ขาเข้า,Arrival,ไม้,Wood,วัสดุก่อสร้างและแร่ธาตุ,Construction Materials & Minerals,"4,209.97"
2565,2022,กรุงเทพมหานคร,Bangkok,ขาเข้า,Arrival,ผลผลิตเกษตรอื่นๆ,Other agricultural crops,ผลผลิตเกษตรกรรม,Agricultural Products,"7,200.00"
2565,2022,กรุงเทพมหานคร,Bangkok,ขาเข้า,Arrival,เครื่องบริโภคอื่นๆ,Other food products,ปศุสัตว์และอาหาร,Livestock & Food Products,"166,769.87"
2565,2022,กรุงเทพมหานคร,Bangkok,ขาเข้า,Arrival,ผลิตภัณฑ์ปิโตรเลียม,Petroleum products,พลังงานและเชื้อเพลิง,Energy & Fuel,"262,725.38"
2565,2022,กรุงเทพมหานคร,Bangkok,ขาเข้า,Arrival,โลหะภัณฑ์,Metal products,โลหะภัณฑ์และเครื่องมือ,Metal Products & Tools/Equipment,"1,039,334.34"
2565,2022,กรุงเทพมหานคร,Bangkok,ขาเข้า,Arrival,วัสดุก่อสร้าง,Construction materials,วัสดุก่อสร้างและแร่ธาตุ,Construction Materials & Minerals,"69,398.81"
2565,2022,กรุงเทพมหานคร,Bangkok,ขาเข้า,Arrival,เคมีภัณฑ์,Chemical products,เคมีภัณฑ์และปุ๋ย,Chemicals & Fertilizers,"141,202.56"
2565,2022,กรุงเทพมหานคร,Bangkok,ขาเข้า,Arrival,สินค้าเบ็ดเตล็ด,Miscellaneous goods,คอนเทนเนอร์และสินค้าเบ็ดเตล็ด,Containers & Miscellaneous Goods,"1,571,944.38"
2565,2022,กรุงเทพมหานคร,Bangkok,ขาเข้า,Arrival,คอนเทนเนอร์,Containers,คอนเทนเนอร์และสินค้าเบ็ดเตล็ด,Containers & Miscellaneous Goods,"6,357,268.40"
2565,2022,กรุงเทพมหานคร,Bangkok,ขาออก,Departure,ข้าว,Rice,ผลผลิตเกษตรกรรม,Agricultural Products,"242,128.00"
2565,2022,กรุงเทพมหานคร,Bangkok,ขาออก,Departure,ข้าวโพด,Maize,ผลผลิตเกษตรกรรม,Agricultural Products,"9,000.00"
2565,2022,กรุงเทพมหานคร,Bangkok,ขาออก,Departure,ผลผลิตเกษตรอื่นๆ,Other agricultural crops,ผลผลิตเกษตรกรรม,Agricultural Products,"14,300.00"
2565,2022,กรุงเทพมหานคร,Bangkok,ขาออก,Departure,อาหารสัตว์,Animal feed,ปศุสัตว์และอาหาร,Livestock & Food Products,"6,400.00"
2565,2022,กรุงเทพมหานคร,Bangkok,ขาออก,Departure,น้ำตาล,Sugar,ผลผลิตเกษตรกรรม,Agricultural Products,"267,693.21"
2565,2022,กรุงเทพมหานคร,Bangkok,ขาออก,Departure,เครื่องบริโภคอื่นๆ,Other food products,ปศุสัตว์และอาหาร,Livestock & Food Products,"17,870.00"
2565,2022,กรุงเทพมหานคร,Bangkok,ขาออก,Departure,ผลิตภัณฑ์ปิโตรเลียม,Petroleum products,พลังงานและเชื้อเพลิง,Energy & Fuel,"676,819.32"
2565,2022,กรุงเทพมหานคร,Bangkok,ขาออก,Departure,เศษโลหะและแร่,Scrap metals and minerals,วัสดุก่อสร้างและแร่ธาตุ,Construction Materials & Minerals,"237,000.00"
2565,2022,กรุงเทพมหานคร,Bangkok,ขาออก,Departure,โลหะภัณฑ์,Metal products,โลหะภัณฑ์และเครื่องมือ,Metal Products & Tools/Equipment,"61,273.36"
2565,2022,กรุงเทพมหานคร,Bangkok,ขาออก,Departure,ดิน หิน ทราย,Stones Soil Sand,วัสดุก่อสร้างและแร่ธาตุ,Construction Materials & Minerals,"2,300.00"
2565,2022,กรุงเทพมหานคร,Bangkok,ขาออก,Departure,ซีเมนต์,Cement,วัสดุก่อสร้างและแร่ธาตุ,Construction Materials & Minerals,"32,742.81"
2565,2022,กรุงเทพมหานคร,Bangkok,ขาออก,Departure,แร่ธาตุอื่นๆ,Other minerals,วัสดุก่อสร้างและแร่ธาตุ,Construction Materials & Minerals,"29,530.13"
2565,2022,กรุงเทพมหานคร,Bangkok,ขาออก,Departure,เคมีภัณฑ์,Chemical products,เคมีภัณฑ์และปุ๋ย,Chemicals & Fertilizers,"180,089.69"
2565,2022,กรุงเทพมหานคร,Bangkok,ขาออก,Departure,สินค้าเบ็ดเตล็ด,Miscellaneous goods,คอนเทนเนอร์และสินค้าเบ็ดเตล็ด,Containers & Miscellaneous Goods,"1,560,144.07"
2565,2022,กรุงเทพมหานคร,Bangkok,ขาออก,Departure,คอนเทนเนอร์,Containers,คอนเทนเนอร์และสินค้าเบ็ดเตล็ด,Containers & Miscellaneous Goods,"5,744,834.49"
2565,2022,เขตเศรษฐกิจจำเพาะ,Exclusive Economic Zone,ขาเข้า,Arrival,ผลิตภัณฑ์ปิโตรเลียม,Petroleum products,พลังงานและเชื้อเพลิง,Energy & Fuel,"333,352.14"
2565,2022,เขตเศรษฐกิจจำเพาะ,Exclusive Economic Zone,ขาเข้า,Arrival,เคมีภัณฑ์,Chemical products,เคมีภัณฑ์และปุ๋ย,Chemicals & Fertilizers,384.10
2565,2022,เขตเศรษฐกิจจำเพาะ,Exclusive Economic Zone,ขาเข้า,Arrival,สินค้าเบ็ดเตล็ด,Miscellaneous goods,คอนเทนเนอร์และสินค้าเบ็ดเตล็ด,Containers & Miscellaneous Goods,130.00
2565,2022,เขตเศรษฐกิจจำเพาะ,Exclusive Economic Zone,ขาออก,Departure,ผลิตภัณฑ์ปิโตรเลียม,Petroleum products,พลังงานและเชื้อเพลิง,Energy & Fuel,"3,635,065.15"
2565,2022,เขตเศรษฐกิจจำเพาะ,Exclusive Economic Zone,ขาออก,Departure,เคมีภัณฑ์,Chemical products,เคมีภัณฑ์และปุ๋ย,Chemicals & Fertilizers,"120,000.00"
2565,2022,เขตเศรษฐกิจจำเพาะ,Exclusive Economic Zone,ขาออก,Departure,สินค้าเบ็ดเตล็ด,Miscellaneous goods,คอนเทนเนอร์และสินค้าเบ็ดเตล็ด,Containers & Miscellaneous Goods,"1,040.00"
2565,2022,ฉะเชิงเทรา,Chachoengsao,ขาเข้า,Arrival,ไม้,Wood,วัสดุก่อสร้างและแร่ธาตุ,Construction Materials & Minerals,"7,309.75"
2565,2022,ฉะเชิงเทรา,Chachoengsao,ขาเข้า,Arrival,ผลผลิตเกษตรอื่นๆ,Other agricultural crops,ผลผลิตเกษตรกรรม,Agricultural Products,"33,916.38"
2565,2022,ฉะเชิงเทรา,Chachoengsao,ขาเข้า,Arrival,ผลิตภัณฑ์ปิโตรเลียม,Petroleum products,พลังงานและเชื้อเพลิง,Energy & Fuel,"64,501.00"
2565,2022,ฉะเชิงเทรา,Chachoengsao,ขาเข้า,Arrival,สินค้าเบ็ดเตล็ด,Miscellaneous goods,คอนเทนเนอร์และสินค้าเบ็ดเตล็ด,Containers & Miscellaneous Goods,"55,175.72"
2565,2022,ฉะเชิงเทรา,Chachoengsao,ขาออก,Departure,ผลิตภัณฑ์ปิโตรเลียม,Petroleum products,พลังงานและเชื้อเพลิง,Energy & Fuel,"1,601.00"
2565,2022,ฉะเชิงเทรา,Chachoengsao,ขาออก,Departure,โลหะภัณฑ์,Metal products,โลหะภัณฑ์และเครื่องมือ,Metal Products & Tools/Equipment,"13,816.91"
2565,2022,ฉะเชิงเทรา,Chachoengsao,ขาออก,Departure,แร่ธาตุอื่นๆ,Other minerals,วัสดุก่อสร้างและแร่ธาตุ,Construction Materials & Minerals,"2,700.00"
2565,2022,ฉะเชิงเทรา,Chachoengsao,ขาออก,Departure,สินค้าเบ็ดเตล็ด,Miscellaneous goods,คอนเทนเนอร์และสินค้าเบ็ดเตล็ด,Containers & Miscellaneous Goods,"612,000.00"
2565,2022,ฉะเชิงเทรา,Chachoengsao,ขาออก,Departure,คอนเทนเนอร์,Containers,คอนเทนเนอร์และสินค้าเบ็ดเตล็ด,Containers & Miscellaneous Goods,"9,500.00"
2565,2022,ชลบุรี,Chon Buri,ขาเข้า,Arrival,ข้าว,Rice,ผลผลิตเกษตรกรรม,Agricultural Products,"1,540,799.94"
2565,2022,ชลบุรี,Chon Buri,ขาเข้า,Arrival,มันสำปะหลัง,Cassava,ผลผลิตเกษตรกรรม,Agricultural Products,"154,749.38"
2565,2022,ชลบุรี,Chon Buri,ขาเข้า,Arrival,ยางพารา,Rubber,ผลผลิตเกษตรกรรม,Agricultural Products,"3,892.60"
2565,2022,ชลบุรี,Chon Buri,ขาเข้า,Arrival,ไม้,Wood,วัสดุก่อสร้างและแร่ธาตุ,Construction Materials & Minerals,"1,176,043.42"
2565,2022,ชลบุรี,Chon Buri,ขาเข้า,Arrival,ผลผลิตเกษตรอื่นๆ,Other agricultural crops,ผลผลิตเกษตรกรรม,Agricultural Products,"1,306,073.42"
2565,2022,ชลบุรี,Chon Buri,ขาเข้า,Arrival,น้ำตาล,Sugar,ผลผลิตเกษตรกรรม,Agricultural Products,"430,920.37"
2565,2022,ชลบุรี,Chon Buri,ขาเข้า,Arrival,เครื่องบริโภคอื่นๆ,Other food products,ปศุสัตว์และอาหาร,Livestock & Food Products,"5,344,653.66"
2565,2022,ชลบุรี,Chon Buri,ขาเข้า,Arrival,แร่เชื้อเพลิง,Mineral fuels,พลังงานและเชื้อเพลิง,Energy & Fuel,"9,672,438.39"
2565,2022,ชลบุรี,Chon Buri,ขาเข้า,Arrival,ผลิตภัณฑ์ปิโตรเลียม,Petroleum products,พลังงานและเชื้อเพลิง,Energy & Fuel,"26,931,742.20"
2565,2022,ชลบุรี,Chon Buri,ขาเข้า,Arrival,เศษโลหะและแร่,Scrap metals and minerals,วัสดุก่อสร้างและแร่ธาตุ,Construction Materials & Minerals,"41,100.00"
2565,2022,ชลบุรี,Chon Buri,ขาเข้า,Arrival,โลหะภัณฑ์,Metal products,โลหะภัณฑ์และเครื่องมือ,Metal Products & Tools/Equipment,"6,777,407.66"
2565,2022,ชลบุรี,Chon Buri,ขาเข้า,Arrival,ดิน หิน ทราย,Stones Soil Sand,วัสดุก่อสร้างและแร่ธาตุ,Construction Materials & Minerals,"228,903.20"
2565,2022,ชลบุรี,Chon Buri,ขาเข้า,Arrival,ซีเมนต์,Cement,วัสดุก่อสร้างและแร่ธาตุ,Construction Materials & Minerals,"15,023.00"
2565,2022,ชลบุรี,Chon Buri,ขาเข้า,Arrival,แร่ธาตุอื่นๆ,Other minerals,วัสดุก่อสร้างและแร่ธาตุ,Construction Materials & Minerals,"3,425,403.65"
2565,2022,ชลบุรี,Chon Buri,ขาเข้า,Arrival,วัสดุก่อสร้าง,Construction materials,วัสดุก่อสร้างและแร่ธาตุ,Construction Materials & Minerals,"27,207.97"
2565,2022,ชลบุรี,Chon Buri,ขาเข้า,Arrival,ปุ๋ย,Fertilizer,เคมีภัณฑ์และปุ๋ย,Chemicals & Fertilizers,"4,968,953.42"
2565,2022,ชลบุรี,Chon Buri,ขาเข้า,Arrival,เคมีภัณฑ์,Chemical products,เคมีภัณฑ์และปุ๋ย,Chemicals & Fertilizers,"1,445,253.26"
2565,2022,ชลบุรี,Chon Buri,ขาเข้า,Arrival,เครื่องมือ/อุปกรณ์,Tools and equipment,โลหะภัณฑ์และเครื่องมือ,Metal Products & Tools/Equipment,"11,998,560.50"
2565,2022,ชลบุรี,Chon Buri,ขาเข้า,Arrival,สินค้าเบ็ดเตล็ด,Miscellaneous goods,คอนเทนเนอร์และสินค้าเบ็ดเตล็ด,Containers & Miscellaneous Goods,"4,014,007.76"
2565,2022,ชลบุรี,Chon Buri,ขาเข้า,Arrival,คอนเทนเนอร์,Containers,คอนเทนเนอร์และสินค้าเบ็ดเตล็ด,Containers & Miscellaneous Goods,"49,673,739.67"
2565,2022,ชลบุรี,Chon Buri,ขาออก,Departure,ข้าว,Rice,ผลผลิตเกษตรกรรม,Agricultural Products,"5,056,034.63"
2565,2022,ชลบุรี,Chon Buri,ขาออก,Departure,มันสำปะหลัง,Cassava,ผลผลิตเกษตรกรรม,Agricultural Products,"2,772,495.38"
2565,2022,ชลบุรี,Chon Buri,ขาออก,Departure,ยางพารา,Rubber,ผลผลิตเกษตรกรรม,Agricultural Products,"3,892.60"
2565,2022,ชลบุรี,Chon Buri,ขาออก,Departure,ไม้,Wood,วัสดุก่อสร้างและแร่ธาตุ,Construction Materials & Minerals,"5,587,492.18"
2565,2022,ชลบุรี,Chon Buri,ขาออก,Departure,ผลผลิตเกษตรอื่นๆ,Other agricultural crops,ผลผลิตเกษตรกรรม,Agricultural Products,"163,673.44"
2565,2022,ชลบุรี,Chon Buri,ขาออก,Departure,น้ำตาล,Sugar,ผลผลิตเกษตรกรรม,Agricultural Products,"4,367,568.65"
2565,2022,ชลบุรี,Chon Buri,ขาออก,Departure,เครื่องบริโภคอื่นๆ,Other food products,ปศุสัตว์และอาหาร,Livestock & Food Products,"4,393,739.82"
2565,2022,ชลบุรี,Chon Buri,ขาออก,Departure,แร่เชื้อเพลิง,Mineral fuels,พลังงานและเชื้อเพลิง,Energy & Fuel,"209,731.00"
2565,2022,ชลบุรี,Chon Buri,ขาออก,Departure,ผลิตภัณฑ์ปิโตรเลียม,Petroleum products,พลังงานและเชื้อเพลิง,Energy & Fuel,"7,038,658.85"
2565,2022,ชลบุรี,Chon Buri,ขาออก,Departure,เศษโลหะและแร่,Scrap metals and minerals,วัสดุก่อสร้างและแร่ธาตุ,Construction Materials & Minerals,"117,694.60"
2565,2022,ชลบุรี,Chon Buri,ขาออก,Departure,โลหะภัณฑ์,Metal products,โลหะภัณฑ์และเครื่องมือ,Metal Products & Tools/Equipment,"2,299,151.02"
2565,2022,ชลบุรี,Chon Buri,ขาออก,Departure,ดิน หิน ทราย,Stones Soil Sand,วัสดุก่อสร้างและแร่ธาตุ,Construction Materials & Minerals,"234,780.00"
2565,2022,ชลบุรี,Chon Buri,ขาออก,Departure,ซีเมนต์,Cement,วัสดุก่อสร้างและแร่ธาตุ,Construction Materials & Minerals,"5,967,694.64"
2565,2022,ชลบุรี,Chon Buri,ขาออก,Departure,แร่ธาตุอื่นๆ,Other minerals,วัสดุก่อสร้างและแร่ธาตุ,Construction Materials & Minerals,"900,427.68"
2565,2022,ชลบุรี,Chon Buri,ขาออก,Departure,วัสดุก่อสร้าง,Construction materials,วัสดุก่อสร้างและแร่ธาตุ,Construction Materials & Minerals,"138,638.00"
2565,2022,ชลบุรี,Chon Buri,ขาออก,Departure,ปุ๋ย,Fertilizer,เคมีภัณฑ์และปุ๋ย,Chemicals & Fertilizers,"678,867.20"
2565,2022,ชลบุรี,Chon Buri,ขาออก,Departure,เคมีภัณฑ์,Chemical products,เคมีภัณฑ์และปุ๋ย,Chemicals & Fertilizers,"568,780.84"
2565,2022,ชลบุรี,Chon Buri,ขาออก,Departure,เครื่องมือ/อุปกรณ์,Tools and equipment,โลหะภัณฑ์และเครื่องมือ,Metal Products & Tools/Equipment,"12,702,484.06"
2565,2022,ชลบุรี,Chon Buri,ขาออก,Departure,สินค้าเบ็ดเตล็ด,Miscellaneous goods,คอนเทนเนอร์และสินค้าเบ็ดเตล็ด,Containers & Miscellaneous Goods,"3,851,598.58"
2565,2022,ชลบุรี,Chon Buri,ขาออก,Departure,คอนเทนเนอร์,Containers,คอนเทนเนอร์และสินค้าเบ็ดเตล็ด,Containers & Miscellaneous Goods,"56,736,523.30"
2565,2022,ตรัง,Trang,ขาเข้า,Arrival,ข้าวโพด,Maize,ผลผลิตเกษตรกรรม,Agricultural Products,"59,908.00"
2565,2022,ตรัง,Trang,ขาเข้า,Arrival,ยางพารา,Rubber,ผลผลิตเกษตรกรรม,Agricultural Products,613.44
2565,2022,ตรัง,Trang,ขาเข้า,Arrival,ไม้,Wood,วัสดุก่อสร้างและแร่ธาตุ,Construction Materials & Minerals,"2,281.67"
2565,2022,ตรัง,Trang,ขาเข้า,Arrival,สินค้าเบ็ดเตล็ด,Miscellaneous goods,คอนเทนเนอร์และสินค้าเบ็ดเตล็ด,Containers & Miscellaneous Goods,"10,630.80"
2565,2022,ตรัง,Trang,ขาเข้า,Arrival,คอนเทนเนอร์,Containers,คอนเทนเนอร์และสินค้าเบ็ดเตล็ด,Containers & Miscellaneous Goods,"28,927.06"
2565,2022,ตรัง,Trang,ขาออก,Departure,ผลผลิตเกษตรอื่นๆ,Other agricultural crops,ผลผลิตเกษตรกรรม,Agricultural Products,150.24
2565,2022,ตรัง,Trang,ขาออก,Departure,ซีเมนต์,Cement,วัสดุก่อสร้างและแร่ธาตุ,Construction Materials & Minerals,"889,300.00"
2565,2022,ตรัง,Trang,ขาออก,Departure,แร่ธาตุอื่นๆ,Other minerals,วัสดุก่อสร้างและแร่ธาตุ,Construction Materials & Minerals,"762,800.00"
2565,2022,ตรัง,Trang,ขาออก,Departure,วัสดุก่อสร้าง,Construction materials,วัสดุก่อสร้างและแร่ธาตุ,Construction Materials & Minerals,"1,604.00"
2565,2022,ตรัง,Trang,ขาออก,Departure,เครื่องมือ/อุปกรณ์,Tools and equipment,โลหะภัณฑ์และเครื่องมือ,Metal Products & Tools/Equipment,104.00
2565,2022,ตรัง,Trang,ขาออก,Departure,สินค้าเบ็ดเตล็ด,Miscellaneous goods,คอนเทนเนอร์และสินค้าเบ็ดเตล็ด,Containers & Miscellaneous Goods,"1,597.68"
2565,2022,ตรัง,Trang,ขาออก,Departure,คอนเทนเนอร์,Containers,คอนเทนเนอร์และสินค้าเบ็ดเตล็ด,Containers & Miscellaneous Goods,"504,093.04"
2565,2022,ตราด,Trat,ขาเข้า,Arrival,ไม้,Wood,วัสดุก่อสร้างและแร่ธาตุ,Construction Materials & Minerals,"3,663.42"
2565,2022,ตราด,Trat,ขาเข้า,Arrival,เครื่องบริโภคอื่นๆ,Other food products,ปศุสัตว์และอาหาร,Livestock & Food Products,400.40
2565,2022,ตราด,Trat,ขาเข้า,Arrival,สินค้าเบ็ดเตล็ด,Miscellaneous goods,คอนเทนเนอร์และสินค้าเบ็ดเตล็ด,Containers & Miscellaneous Goods,1.25
2565,2022,ตราด,Trat,ขาออก,Departure,ไม้,Wood,วัสดุก่อสร้างและแร่ธาตุ,Construction Materials & Minerals,200.00
2565,2022,ตราด,Trat,ขาออก,Departure,น้ำตาล,Sugar,ผลผลิตเกษตรกรรม,Agricultural Products,"17,423.44"
2565,2022,ตราด,Trat,ขาออก,Departure,เครื่องบริโภคอื่นๆ,Other food products,ปศุสัตว์และอาหาร,Livestock & Food Products,809.21
2565,2022,ตราด,Trat,ขาออก,Departure,ผลิตภัณฑ์ปิโตรเลียม,Petroleum products,พลังงานและเชื้อเพลิง,Energy & Fuel,"1,507.32"
2565,2022,ตราด,Trat,ขาออก,Departure,วัสดุก่อสร้าง,Construction materials,วัสดุก่อสร้างและแร่ธาตุ,Construction Materials & Minerals,7.74
2565,2022,ตราด,Trat,ขาออก,Departure,สินค้าเบ็ดเตล็ด,Miscellaneous goods,คอนเทนเนอร์และสินค้าเบ็ดเตล็ด,Containers & Miscellaneous Goods,"155,137.54"
2565,2022,นครศรีธรรมราช,Nakhon Si Thammarat,ขาเข้า,Arrival,สินค้าเบ็ดเตล็ด,Miscellaneous goods,คอนเทนเนอร์และสินค้าเบ็ดเตล็ด,Containers & Miscellaneous Goods,"3,500.00"
2565,2022,นครศรีธรรมราช,Nakhon Si Thammarat,ขาออก,Departure,ผลิตภัณฑ์ปิโตรเลียม,Petroleum products,พลังงานและเชื้อเพลิง,Energy & Fuel,"5,000.00"
2565,2022,นครศรีธรรมราช,Nakhon Si Thammarat,ขาออก,Departure,ดิน หิน ทราย,Stones Soil Sand,วัสดุก่อสร้างและแร่ธาตุ,Construction Materials & Minerals,"2,400.00"
2565,2022,นครศรีธรรมราช,Nakhon Si Thammarat,ขาออก,Departure,แร่ธาตุอื่นๆ,Other minerals,วัสดุก่อสร้างและแร่ธาตุ,Construction Materials & Minerals,"1,188,278.00"
2565,2022,นครศรีธรรมราช,Nakhon Si Thammarat,ขาออก,Departure,สินค้าเบ็ดเตล็ด,Miscellaneous goods,คอนเทนเนอร์และสินค้าเบ็ดเตล็ด,Containers & Miscellaneous Goods,"304,100.00"
2565,2022,นราธิวาส,Narathiwat,ขาออก,Departure,ดิน หิน ทราย,Stones Soil Sand,วัสดุก่อสร้างและแร่ธาตุ,Construction Materials & Minerals,"28,700.00"
2565,2022,นราธิวาส,Narathiwat,ขาออก,Departure,แร่ธาตุอื่นๆ,Other minerals,วัสดุก่อสร้างและแร่ธาตุ,Construction Materials & Minerals,"20,800.00"
2565,2022,ประจวบคีรีขันธ์,Prachuapkhiri Khan,ขาเข้า,Arrival,โลหะภัณฑ์,Metal products,โลหะภัณฑ์และเครื่องมือ,Metal Products & Tools/Equipment,"1,094,236.37"
2565,2022,ประจวบคีรีขันธ์,Prachuapkhiri Khan,ขาเข้า,Arrival,ดิน หิน ทราย,Stones Soil Sand,วัสดุก่อสร้างและแร่ธาตุ,Construction Materials & Minerals,"5,900.22"
2565,2022,ประจวบคีรีขันธ์,Prachuapkhiri Khan,ขาเข้า,Arrival,แร่ธาตุอื่นๆ,Other minerals,วัสดุก่อสร้างและแร่ธาตุ,Construction Materials & Minerals,"44,347.60"
2565,2022,ประจวบคีรีขันธ์,Prachuapkhiri Khan,ขาเข้า,Arrival,เคมีภัณฑ์,Chemical products,เคมีภัณฑ์และปุ๋ย,Chemicals & Fertilizers,"11,821.94"
2565,2022,ประจวบคีรีขันธ์,Prachuapkhiri Khan,ขาเข้า,Arrival,สินค้าเบ็ดเตล็ด,Miscellaneous goods,คอนเทนเนอร์และสินค้าเบ็ดเตล็ด,Containers & Miscellaneous Goods,"603,491.61"
2565,2022,ประจวบคีรีขันธ์,Prachuapkhiri Khan,ขาออก,Departure,ผลผลิตเกษตรอื่นๆ,Other agricultural crops,ผลผลิตเกษตรกรรม,Agricultural Products,"60,421.94"
2565,2022,ประจวบคีรีขันธ์,Prachuapkhiri Khan,ขาออก,Departure,ผลิตภัณฑ์ปิโตรเลียม,Petroleum products,พลังงานและเชื้อเพลิง,Energy & Fuel,"6,400.00"
2565,2022,ประจวบคีรีขันธ์,Prachuapkhiri Khan,ขาออก,Departure,โลหะภัณฑ์,Metal products,โลหะภัณฑ์และเครื่องมือ,Metal Products & Tools/Equipment,"67,992.04"
2565,2022,ประจวบคีรีขันธ์,Prachuapkhiri Khan,ขาออก,Departure,แร่ธาตุอื่นๆ,Other minerals,วัสดุก่อสร้างและแร่ธาตุ,Construction Materials & Minerals,"27,433.60"
2565,2022,ประจวบคีรีขันธ์,Prachuapkhiri Khan,ขาออก,Departure,สินค้าเบ็ดเตล็ด,Miscellaneous goods,คอนเทนเนอร์และสินค้าเบ็ดเตล็ด,Containers & Miscellaneous Goods,"30,212.20"
2565,2022,ปัตตานี,Pattani,ขาเข้า,Arrival,ผลิตภัณฑ์ปิโตรเลียม,Petroleum products,พลังงานและเชื้อเพลิง,Energy & Fuel,809.78
2565,2022,ปัตตานี,Pattani,ขาเข้า,Arrival,สินค้าเบ็ดเตล็ด,Miscellaneous goods,คอนเทนเนอร์และสินค้าเบ็ดเตล็ด,Containers & Miscellaneous Goods,"8,800.00"
2565,2022,ปัตตานี,Pattani,ขาออก,Departure,สินค้าเบ็ดเตล็ด,Miscellaneous goods,คอนเทนเนอร์และสินค้าเบ็ดเตล็ด,Containers & Miscellaneous Goods,74.73
2565,2022,พังงา,Phangnga,ขาออก,Departure,แร่ธาตุอื่นๆ,Other minerals,วัสดุก่อสร้างและแร่ธาตุ,Construction Materials & Minerals,"112,000.00"
2565,2022,เพชรบุรี,Phetchaburi,ขาเข้า,Arrival,ผลิตภัณฑ์ปิโตรเลียม,Petroleum products,พลังงานและเชื้อเพลิง,Energy & Fuel,"1,852,644.09"
2565,2022,เพชรบุรี,Phetchaburi,ขาออก,Departure,ผลิตภัณฑ์ปิโตรเลียม,Petroleum products,พลังงานและเชื้อเพลิง,Energy & Fuel,"145,782.29"
2565,2022,เพชรบุรี,Phetchaburi,ขาออก,Departure,เคมีภัณฑ์,Chemical products,เคมีภัณฑ์และปุ๋ย,Chemicals & Fertilizers,"3,099.30"
2565,2022,ภูเก็ต,Phuket,ขาเข้า,Arrival,ยางพารา,Rubber,ผลผลิตเกษตรกรรม,Agricultural Products,"176,000.00"
2565,2022,ภูเก็ต,Phuket,ขาเข้า,Arrival,ไม้,Wood,วัสดุก่อสร้างและแร่ธาตุ,Construction Materials & Minerals,"25,645.42"
2565,2022,ภูเก็ต,Phuket,ขาเข้า,Arrival,ผลผลิตเกษตรอื่นๆ,Other agricultural crops,ผลผลิตเกษตรกรรม,Agricultural Products,"117,249.59"
2565,2022,ภูเก็ต,Phuket,ขาเข้า,Arrival,ผลิตภัณฑ์ปิโตรเลียม,Petroleum products,พลังงานและเชื้อเพลิง,Energy & Fuel,"21,899.95"
2565,2022,ภูเก็ต,Phuket,ขาเข้า,Arrival,เศษโลหะและแร่,Scrap metals and minerals,วัสดุก่อสร้างและแร่ธาตุ,Construction Materials & Minerals,"5,000.00"
2565,2022,ภูเก็ต,Phuket,ขาเข้า,Arrival,ซีเมนต์,Cement,วัสดุก่อสร้างและแร่ธาตุ,Construction Materials & Minerals,"1,483.20"
2565,2022,ภูเก็ต,Phuket,ขาเข้า,Arrival,เคมีภัณฑ์,Chemical products,เคมีภัณฑ์และปุ๋ย,Chemicals & Fertilizers,"4,999.82"
2565,2022,ภูเก็ต,Phuket,ขาเข้า,Arrival,เครื่องมือ/อุปกรณ์,Tools and equipment,โลหะภัณฑ์และเครื่องมือ,Metal Products & Tools/Equipment,"54,717.63"
2565,2022,ภูเก็ต,Phuket,ขาเข้า,Arrival,สินค้าเบ็ดเตล็ด,Miscellaneous goods,คอนเทนเนอร์และสินค้าเบ็ดเตล็ด,Containers & Miscellaneous Goods,"2,837.59"
2565,2022,ภูเก็ต,Phuket,ขาเข้า,Arrival,คอนเทนเนอร์,Containers,คอนเทนเนอร์และสินค้าเบ็ดเตล็ด,Containers & Miscellaneous Goods,"119,600.00"
2565,2022,ภูเก็ต,Phuket,ขาออก,Departure,สิ่งมีชีวิต,Animals,ปศุสัตว์และอาหาร,Livestock & Food Products,25.00
2565,2022,ภูเก็ต,Phuket,ขาออก,Departure,ยางพารา,Rubber,ผลผลิตเกษตรกรรม,Agricultural Products,"267,000.00"
2565,2022,ภูเก็ต,Phuket,ขาออก,Departure,ไม้,Wood,วัสดุก่อสร้างและแร่ธาตุ,Construction Materials & Minerals,"504,653.80"
2565,2022,ภูเก็ต,Phuket,ขาออก,Departure,ผลผลิตเกษตรอื่นๆ,Other agricultural crops,ผลผลิตเกษตรกรรม,Agricultural Products,"273,654.81"
2565,2022,ภูเก็ต,Phuket,ขาออก,Departure,เครื่องบริโภคอื่นๆ,Other food products,ปศุสัตว์และอาหาร,Livestock & Food Products,"41,000.00"
2565,2022,ภูเก็ต,Phuket,ขาออก,Departure,ผลิตภัณฑ์ปิโตรเลียม,Petroleum products,พลังงานและเชื้อเพลิง,Energy & Fuel,"106,099.95"
2565,2022,ภูเก็ต,Phuket,ขาออก,Departure,เคมีภัณฑ์,Chemical products,เคมีภัณฑ์และปุ๋ย,Chemicals & Fertilizers,"9,999.82"
2565,2022,ภูเก็ต,Phuket,ขาออก,Departure,เครื่องมือ/อุปกรณ์,Tools and equipment,โลหะภัณฑ์และเครื่องมือ,Metal Products & Tools/Equipment,"60,827.14"
2565,2022,ภูเก็ต,Phuket,ขาออก,Departure,สินค้าเบ็ดเตล็ด,Miscellaneous goods,คอนเทนเนอร์และสินค้าเบ็ดเตล็ด,Containers & Miscellaneous Goods,"8,703.57"
2565,2022,ภูเก็ต,Phuket,ขาออก,Departure,คอนเทนเนอร์,Containers,คอนเทนเนอร์และสินค้าเบ็ดเตล็ด,Containers & Miscellaneous Goods,"125,100.00"
2565,2022,ระนอง,Ranong,ขาเข้า,Arrival,ข้าวโพด,Maize,ผลผลิตเกษตรกรรม,Agricultural Products,"5,300.00"
2565,2022,ระนอง,Ranong,ขาเข้า,Arrival,ผลผลิตเกษตรอื่นๆ,Other agricultural crops,ผลผลิตเกษตรกรรม,Agricultural Products,"2,179.95"
2565,2022,ระนอง,Ranong,ขาเข้า,Arrival,อาหารสัตว์,Animal feed,ปศุสัตว์และอาหาร,Livestock & Food Products,"17,369.48"
2565,2022,ระนอง,Ranong,ขาเข้า,Arrival,เครื่องบริโภคอื่นๆ,Other food products,ปศุสัตว์และอาหาร,Livestock & Food Products,"2,745,597.22"
2565,2022,ระนอง,Ranong,ขาเข้า,Arrival,แร่ธาตุอื่นๆ,Other minerals,วัสดุก่อสร้างและแร่ธาตุ,Construction Materials & Minerals,53.20
2565,2022,ระนอง,Ranong,ขาเข้า,Arrival,เคมีภัณฑ์,Chemical products,เคมีภัณฑ์และปุ๋ย,Chemicals & Fertilizers,"41,100.00"
2565,2022,ระนอง,Ranong,ขาเข้า,Arrival,เครื่องมือ/อุปกรณ์,Tools and equipment,โลหะภัณฑ์และเครื่องมือ,Metal Products & Tools/Equipment,34.00
2565,2022,ระนอง,Ranong,ขาเข้า,Arrival,สินค้าเบ็ดเตล็ด,Miscellaneous goods,คอนเทนเนอร์และสินค้าเบ็ดเตล็ด,Containers & Miscellaneous Goods,"135,639.34"
2565,2022,ระนอง,Ranong,ขาออก,Departure,อาหารสัตว์,Animal feed,ปศุสัตว์และอาหาร,Livestock & Food Products,"4,930.00"
2565,2022,ระนอง,Ranong,ขาออก,Departure,เครื่องบริโภคอื่นๆ,Other food products,ปศุสัตว์และอาหาร,Livestock & Food Products,"723,331.48"
2565,2022,ระนอง,Ranong,ขาออก,Departure,ผลิตภัณฑ์ปิโตรเลียม,Petroleum products,พลังงานและเชื้อเพลิง,Energy & Fuel,"3,128.16"
2565,2022,ระนอง,Ranong,ขาออก,Departure,โลหะภัณฑ์,Metal products,โลหะภัณฑ์และเครื่องมือ,Metal Products & Tools/Equipment,"2,331.00"
2565,2022,ระนอง,Ranong,ขาออก,Departure,ซีเมนต์,Cement,วัสดุก่อสร้างและแร่ธาตุ,Construction Materials & Minerals,"320,122.69"
2565,2022,ระนอง,Ranong,ขาออก,Departure,เคมีภัณฑ์,Chemical products,เคมีภัณฑ์และปุ๋ย,Chemicals & Fertilizers,"3,000.00"
2565,2022,ระนอง,Ranong,ขาออก,Departure,เครื่องมือ/อุปกรณ์,Tools and equipment,โลหะภัณฑ์และเครื่องมือ,Metal Products & Tools/Equipment,39.14
2565,2022,ระนอง,Ranong,ขาออก,Departure,สินค้าเบ็ดเตล็ด,Miscellaneous goods,คอนเทนเนอร์และสินค้าเบ็ดเตล็ด,Containers & Miscellaneous Goods,"451,870.16"
2565,2022,ระยอง,Rayong,ขาเข้า,Arrival,ผลผลิตเกษตรอื่นๆ,Other agricultural crops,ผลผลิตเกษตรกรรม,Agricultural Products,"91,502.71"
2565,2022,ระยอง,Rayong,ขาเข้า,Arrival,แร่เชื้อเพลิง,Mineral fuels,พลังงานและเชื้อเพลิง,Energy & Fuel,"476,097.00"
2565,2022,ระยอง,Rayong,ขาเข้า,Arrival,ผลิตภัณฑ์ปิโตรเลียม,Petroleum products,พลังงานและเชื้อเพลิง,Energy & Fuel,"36,837,981.65"
2565,2022,ระยอง,Rayong,ขาเข้า,Arrival,โลหะภัณฑ์,Metal products,โลหะภัณฑ์และเครื่องมือ,Metal Products & Tools/Equipment,"2,042,679.10"
2565,2022,ระยอง,Rayong,ขาเข้า,Arrival,ซีเมนต์,Cement,วัสดุก่อสร้างและแร่ธาตุ,Construction Materials & Minerals,"74,442.04"
2565,2022,ระยอง,Rayong,ขาเข้า,Arrival,แร่ธาตุอื่นๆ,Other minerals,วัสดุก่อสร้างและแร่ธาตุ,Construction Materials & Minerals,"7,192,079.94"
2565,2022,ระยอง,Rayong,ขาเข้า,Arrival,ปุ๋ย,Fertilizer,เคมีภัณฑ์และปุ๋ย,Chemicals & Fertilizers,"56,254.00"
2565,2022,ระยอง,Rayong,ขาเข้า,Arrival,เคมีภัณฑ์,Chemical products,เคมีภัณฑ์และปุ๋ย,Chemicals & Fertilizers,"7,060,229.39"
2565,2022,ระยอง,Rayong,ขาเข้า,Arrival,เครื่องมือ/อุปกรณ์,Tools and equipment,โลหะภัณฑ์และเครื่องมือ,Metal Products & Tools/Equipment,"14,648.07"
2565,2022,ระยอง,Rayong,ขาเข้า,Arrival,สินค้าเบ็ดเตล็ด,Miscellaneous goods,คอนเทนเนอร์และสินค้าเบ็ดเตล็ด,Containers & Miscellaneous Goods,"286,586.22"
2565,2022,ระยอง,Rayong,ขาออก,Departure,ผลผลิตเกษตรอื่นๆ,Other agricultural crops,ผลผลิตเกษตรกรรม,Agricultural Products,"17,003.16"
2565,2022,ระยอง,Rayong,ขาออก,Departure,เครื่องบริโภคอื่นๆ,Other food products,ปศุสัตว์และอาหาร,Livestock & Food Products,"36,750.00"
2565,2022,ระยอง,Rayong,ขาออก,Departure,ผลิตภัณฑ์ปิโตรเลียม,Petroleum products,พลังงานและเชื้อเพลิง,Energy & Fuel,"6,910,715.84"
2565,2022,ระยอง,Rayong,ขาออก,Departure,โลหะภัณฑ์,Metal products,โลหะภัณฑ์และเครื่องมือ,Metal Products & Tools/Equipment,"905,318.60"
2565,2022,ระยอง,Rayong,ขาออก,Departure,แร่ธาตุอื่นๆ,Other minerals,วัสดุก่อสร้างและแร่ธาตุ,Construction Materials & Minerals,"392,625.91"
2565,2022,ระยอง,Rayong,ขาออก,Departure,ปุ๋ย,Fertilizer,เคมีภัณฑ์และปุ๋ย,Chemicals & Fertilizers,"25,163.00"
2565,2022,ระยอง,Rayong,ขาออก,Departure,เคมีภัณฑ์,Chemical products,เคมีภัณฑ์และปุ๋ย,Chemicals & Fertilizers,"5,736,266.86"
2565,2022,ระยอง,Rayong,ขาออก,Departure,เครื่องมือ/อุปกรณ์,Tools and equipment,โลหะภัณฑ์และเครื่องมือ,Metal Products & Tools/Equipment,"41,910.22"
2565,2022,ระยอง,Rayong,ขาออก,Departure,สินค้าเบ็ดเตล็ด,Miscellaneous goods,คอนเทนเนอร์และสินค้าเบ็ดเตล็ด,Containers & Miscellaneous Goods,"1,060,072.37"
2565,2022,สงขลา,Songkhla,ขาเข้า,Arrival,ไม้,Wood,วัสดุก่อสร้างและแร่ธาตุ,Construction Materials & Minerals,"43,348.76"
2565,2022,สงขลา,Songkhla,ขาเข้า,Arrival,เครื่องบริโภคอื่นๆ,Other food products,ปศุสัตว์และอาหาร,Livestock & Food Products,"81,802.32"
2565,2022,สงขลา,Songkhla,ขาเข้า,Arrival,ผลิตภัณฑ์ปิโตรเลียม,Petroleum products,พลังงานและเชื้อเพลิง,Energy & Fuel,"54,184.18"
2565,2022,สงขลา,Songkhla,ขาเข้า,Arrival,เคมีภัณฑ์,Chemical products,เคมีภัณฑ์และปุ๋ย,Chemicals & Fertilizers,"41,416.53"
2565,2022,สงขลา,Songkhla,ขาเข้า,Arrival,สินค้าเบ็ดเตล็ด,Miscellaneous goods,คอนเทนเนอร์และสินค้าเบ็ดเตล็ด,Containers & Miscellaneous Goods,"319,866.58"
2565,2022,สงขลา,Songkhla,ขาเข้า,Arrival,คอนเทนเนอร์,Containers,คอนเทนเนอร์และสินค้าเบ็ดเตล็ด,Containers & Miscellaneous Goods,"397,122.00"
2565,2022,สงขลา,Songkhla,ขาออก,Departure,ไม้,Wood,วัสดุก่อสร้างและแร่ธาตุ,Construction Materials & Minerals,"605,252.22"
2565,2022,สงขลา,Songkhla,ขาออก,Departure,ผลผลิตเกษตรอื่นๆ,Other agricultural crops,ผลผลิตเกษตรกรรม,Agricultural Products,"4,160.00"
2565,2022,สงขลา,Songkhla,ขาออก,Departure,เครื่องบริโภคอื่นๆ,Other food products,ปศุสัตว์และอาหาร,Livestock & Food Products,"31,333.30"
2565,2022,สงขลา,Songkhla,ขาออก,Departure,ผลิตภัณฑ์ปิโตรเลียม,Petroleum products,พลังงานและเชื้อเพลิง,Energy & Fuel,"61,560.00"
2565,2022,สงขลา,Songkhla,ขาออก,Departure,ดิน หิน ทราย,Stones Soil Sand,วัสดุก่อสร้างและแร่ธาตุ,Construction Materials & Minerals,"500,761.15"
2565,2022,สงขลา,Songkhla,ขาออก,Departure,วัสดุก่อสร้าง,Construction materials,วัสดุก่อสร้างและแร่ธาตุ,Construction Materials & Minerals,194.00
2565,2022,สงขลา,Songkhla,ขาออก,Departure,เคมีภัณฑ์,Chemical products,เคมีภัณฑ์และปุ๋ย,Chemicals & Fertilizers,"1,000.00"
2565,2022,สงขลา,Songkhla,ขาออก,Departure,เครื่องมือ/อุปกรณ์,Tools and equipment,โลหะภัณฑ์และเครื่องมือ,Metal Products & Tools/Equipment,130.00
2565,2022,สงขลา,Songkhla,ขาออก,Departure,สินค้าเบ็ดเตล็ด,Miscellaneous goods,คอนเทนเนอร์และสินค้าเบ็ดเตล็ด,Containers & Miscellaneous Goods,"946,756.21"
2565,2022,สงขลา,Songkhla,ขาออก,Departure,คอนเทนเนอร์,Containers,คอนเทนเนอร์และสินค้าเบ็ดเตล็ด,Containers & Miscellaneous Goods,"873,798.57"
2565,2022,สตูล,Satun,ขาเข้า,Arrival,สินค้าเบ็ดเตล็ด,Miscellaneous goods,คอนเทนเนอร์และสินค้าเบ็ดเตล็ด,Containers & Miscellaneous Goods,21.31
2565,2022,สตูล,Satun,ขาออก,Departure,สินค้าเบ็ดเตล็ด,Miscellaneous goods,คอนเทนเนอร์และสินค้าเบ็ดเตล็ด,Containers & Miscellaneous Goods,"18,907.13"
2565,2022,สมุทรปราการ,Samut Prakan,ขาเข้า,Arrival,สิ่งมีชีวิต,Animals,ปศุสัตว์และอาหาร,Livestock & Food Products,577.56
2565,2022,สมุทรปราการ,Samut Prakan,ขาเข้า,Arrival,มันสำปะหลัง,Cassava,ผลผลิตเกษตรกรรม,Agricultural Products,"5,500.00"
2565,2022,สมุทรปราการ,Samut Prakan,ขาเข้า,Arrival,ไม้,Wood,วัสดุก่อสร้างและแร่ธาตุ,Construction Materials & Minerals,"12,813.08"
2565,2022,สมุทรปราการ,Samut Prakan,ขาเข้า,Arrival,ผลผลิตเกษตรอื่นๆ,Other agricultural crops,ผลผลิตเกษตรกรรม,Agricultural Products,"120,092.05"
2565,2022,สมุทรปราการ,Samut Prakan,ขาเข้า,Arrival,เครื่องบริโภคอื่นๆ,Other food products,ปศุสัตว์และอาหาร,Livestock & Food Products,"379,521.33"
2565,2022,สมุทรปราการ,Samut Prakan,ขาเข้า,Arrival,แร่เชื้อเพลิง,Mineral fuels,พลังงานและเชื้อเพลิง,Energy & Fuel,"3,319.32"
2565,2022,สมุทรปราการ,Samut Prakan,ขาเข้า,Arrival,ผลิตภัณฑ์ปิโตรเลียม,Petroleum products,พลังงานและเชื้อเพลิง,Energy & Fuel,"466,975.47"
2565,2022,สมุทรปราการ,Samut Prakan,ขาเข้า,Arrival,โลหะภัณฑ์,Metal products,โลหะภัณฑ์และเครื่องมือ,Metal Products & Tools/Equipment,"17,512.32"
2565,2022,สมุทรปราการ,Samut Prakan,ขาเข้า,Arrival,ดิน หิน ทราย,Stones Soil Sand,วัสดุก่อสร้างและแร่ธาตุ,Construction Materials & Minerals,"3,700.00"
2565,2022,สมุทรปราการ,Samut Prakan,ขาเข้า,Arrival,แร่ธาตุอื่นๆ,Other minerals,วัสดุก่อสร้างและแร่ธาตุ,Construction Materials & Minerals,"29,433.51"
2565,2022,สมุทรปราการ,Samut Prakan,ขาเข้า,Arrival,ปุ๋ย,Fertilizer,เคมีภัณฑ์และปุ๋ย,Chemicals & Fertilizers,"52,090.64"
2565,2022,สมุทรปราการ,Samut Prakan,ขาเข้า,Arrival,เคมีภัณฑ์,Chemical products,เคมีภัณฑ์และปุ๋ย,Chemicals & Fertilizers,"1,300,627.88"
2565,2022,สมุทรปราการ,Samut Prakan,ขาเข้า,Arrival,สินค้าเบ็ดเตล็ด,Miscellaneous goods,คอนเทนเนอร์และสินค้าเบ็ดเตล็ด,Containers & Miscellaneous Goods,"228,108.47"
2565,2022,สมุทรปราการ,Samut Prakan,ขาเข้า,Arrival,คอนเทนเนอร์,Containers,คอนเทนเนอร์และสินค้าเบ็ดเตล็ด,Containers & Miscellaneous Goods,"1,231,854.10"
2565,2022,สมุทรปราการ,Samut Prakan,ขาออก,Departure,สิ่งมีชีวิต,Animals,ปศุสัตว์และอาหาร,Livestock & Food Products,577.56
2565,2022,สมุทรปราการ,Samut Prakan,ขาออก,Departure,ข้าว,Rice,ผลผลิตเกษตรกรรม,Agricultural Products,"215,876.99"
2565,2022,สมุทรปราการ,Samut Prakan,ขาออก,Departure,มันสำปะหลัง,Cassava,ผลผลิตเกษตรกรรม,Agricultural Products,"241,802.90"
2565,2022,สมุทรปราการ,Samut Prakan,ขาออก,Departure,ผลผลิตเกษตรอื่นๆ,Other agricultural crops,ผลผลิตเกษตรกรรม,Agricultural Products,"10,300.00"
2565,2022,สมุทรปราการ,Samut Prakan,ขาออก,Departure,น้ำตาล,Sugar,ผลผลิตเกษตรกรรม,Agricultural Products,"457,056.49"
2565,2022,สมุทรปราการ,Samut Prakan,ขาออก,Departure,เครื่องบริโภคอื่นๆ,Other food products,ปศุสัตว์และอาหาร,Livestock & Food Products,"57,278.97"
2565,2022,สมุทรปราการ,Samut Prakan,ขาออก,Departure,ผลิตภัณฑ์ปิโตรเลียม,Petroleum products,พลังงานและเชื้อเพลิง,Energy & Fuel,"106,787.54"
2565,2022,สมุทรปราการ,Samut Prakan,ขาออก,Departure,โลหะภัณฑ์,Metal products,โลหะภัณฑ์และเครื่องมือ,Metal Products & Tools/Equipment,"8,330.37"
2565,2022,สมุทรปราการ,Samut Prakan,ขาออก,Departure,แร่ธาตุอื่นๆ,Other minerals,วัสดุก่อสร้างและแร่ธาตุ,Construction Materials & Minerals,"36,189.65"
2565,2022,สมุทรปราการ,Samut Prakan,ขาออก,Departure,ปุ๋ย,Fertilizer,เคมีภัณฑ์และปุ๋ย,Chemicals & Fertilizers,"7,750.00"
2565,2022,สมุทรปราการ,Samut Prakan,ขาออก,Departure,เคมีภัณฑ์,Chemical products,เคมีภัณฑ์และปุ๋ย,Chemicals & Fertilizers,"248,482.88"
2565,2022,สมุทรปราการ,Samut Prakan,ขาออก,Departure,สินค้าเบ็ดเตล็ด,Miscellaneous goods,คอนเทนเนอร์และสินค้าเบ็ดเตล็ด,Containers & Miscellaneous Goods,"365,751.26"
2565,2022,สมุทรปราการ,Samut Prakan,ขาออก,Departure,คอนเทนเนอร์,Containers,คอนเทนเนอร์และสินค้าเบ็ดเตล็ด,Containers & Miscellaneous Goods,"2,011,660.45"
2565,2022,สมุทรสาคร,Samut Sakon,ขาเข้า,Arrival,ผลผลิตเกษตรอื่นๆ,Other agricultural crops,ผลผลิตเกษตรกรรม,Agricultural Products,"98,275.91"
2565,2022,สมุทรสาคร,Samut Sakon,ขาเข้า,Arrival,เครื่องบริโภคอื่นๆ,Other food products,ปศุสัตว์และอาหาร,Livestock & Food Products,"53,400.32"
2565,2022,สมุทรสาคร,Samut Sakon,ขาเข้า,Arrival,ผลิตภัณฑ์ปิโตรเลียม,Petroleum products,พลังงานและเชื้อเพลิง,Energy & Fuel,"10,267.00"
2565,2022,สมุทรสาคร,Samut Sakon,ขาเข้า,Arrival,สินค้าเบ็ดเตล็ด,Miscellaneous goods,คอนเทนเนอร์และสินค้าเบ็ดเตล็ด,Containers & Miscellaneous Goods,"92,147.98"
2565,2022,สมุทรสาคร,Samut Sakon,ขาออก,Departure,เครื่องบริโภคอื่นๆ,Other food products,ปศุสัตว์และอาหาร,Livestock & Food Products,"2,239.81"
2565,2022,สุราษฎร์ธานี,Surat Thani,ขาเข้า,Arrival,แร่เชื้อเพลิง,Mineral fuels,พลังงานและเชื้อเพลิง,Energy & Fuel,"171,000.00"
2565,2022,สุราษฎร์ธานี,Surat Thani,ขาเข้า,Arrival,ผลิตภัณฑ์ปิโตรเลียม,Petroleum products,พลังงานและเชื้อเพลิง,Energy & Fuel,"44,323.33"
2565,2022,สุราษฎร์ธานี,Surat Thani,ขาเข้า,Arrival,เคมีภัณฑ์,Chemical products,เคมีภัณฑ์และปุ๋ย,Chemicals & Fertilizers,"9,279.95"
2565,2022,สุราษฎร์ธานี,Surat Thani,ขาเข้า,Arrival,สินค้าเบ็ดเตล็ด,Miscellaneous goods,คอนเทนเนอร์และสินค้าเบ็ดเตล็ด,Containers & Miscellaneous Goods,"81,532.00"
2565,2022,สุราษฎร์ธานี,Surat Thani,ขาออก,Departure,ไม้,Wood,วัสดุก่อสร้างและแร่ธาตุ,Construction Materials & Minerals,"22,849.00"
2565,2022,สุราษฎร์ธานี,Surat Thani,ขาออก,Departure,ผลผลิตเกษตรอื่นๆ,Other agricultural crops,ผลผลิตเกษตรกรรม,Agricultural Products,"200,500.00"
2565,2022,สุราษฎร์ธานี,Surat Thani,ขาออก,Departure,ผลิตภัณฑ์ปิโตรเลียม,Petroleum products,พลังงานและเชื้อเพลิง,Energy & Fuel,"27,000.00"
2565,2022,สุราษฎร์ธานี,Surat Thani,ขาออก,Departure,ดิน หิน ทราย,Stones Soil Sand,วัสดุก่อสร้างและแร่ธาตุ,Construction Materials & Minerals,"869,010.00"
2565,2022,สุราษฎร์ธานี,Surat Thani,ขาออก,Departure,แร่ธาตุอื่นๆ,Other minerals,วัสดุก่อสร้างและแร่ธาตุ,Construction Materials & Minerals,"2,804,974.00"
2565,2022,สุราษฎร์ธานี,Surat Thani,ขาออก,Departure,สินค้าเบ็ดเตล็ด,Miscellaneous goods,คอนเทนเนอร์และสินค้าเบ็ดเตล็ด,Containers & Miscellaneous Goods,"1,215,813.82"
2566,2023,กระบี่,Krabi,ขาเข้า,Arrival,ผลผลิตเกษตรอื่นๆ,Other agricultural crops,ผลผลิตเกษตรกรรม,Agricultural Products,"43,557.59"
2566,2023,กระบี่,Krabi,ขาเข้า,Arrival,ผลิตภัณฑ์ปิโตรเลียม,Petroleum products,พลังงานและเชื้อเพลิง,Energy & Fuel,"6,800.00"
2566,2023,กระบี่,Krabi,ขาออก,Departure,ผลผลิตเกษตรอื่นๆ,Other agricultural crops,ผลผลิตเกษตรกรรม,Agricultural Products,"493,257.04"
2566,2023,กระบี่,Krabi,ขาออก,Departure,ผลิตภัณฑ์ปิโตรเลียม,Petroleum products,พลังงานและเชื้อเพลิง,Energy & Fuel,"11,500.00"
2566,2023,กระบี่,Krabi,ขาออก,Departure,ดิน หิน ทราย,Stones Soil Sand,วัสดุก่อสร้างและแร่ธาตุ,Construction Materials & Minerals,"145,775.00"
2566,2023,กระบี่,Krabi,ขาออก,Departure,ซีเมนต์,Cement,วัสดุก่อสร้างและแร่ธาตุ,Construction Materials & Minerals,"1,135,560.00"
2566,2023,กระบี่,Krabi,ขาออก,Departure,แร่ธาตุอื่นๆ,Other minerals,วัสดุก่อสร้างและแร่ธาตุ,Construction Materials & Minerals,"521,300.00"
2566,2023,กรุงเทพมหานคร,Bangkok,ขาเข้า,Arrival,ข้าว,Rice,ผลผลิตเกษตรกรรม,Agricultural Products,"4,300.00"
2566,2023,กรุงเทพมหานคร,Bangkok,ขาเข้า,Arrival,ผลผลิตเกษตรอื่นๆ,Other agricultural crops,ผลผลิตเกษตรกรรม,Agricultural Products,"1,450.00"
2566,2023,กรุงเทพมหานคร,Bangkok,ขาเข้า,Arrival,เครื่องบริโภคอื่นๆ,Other food products,ปศุสัตว์และอาหาร,Livestock & Food Products,"204,584.03"
2566,2023,กรุงเทพมหานคร,Bangkok,ขาเข้า,Arrival,ผลิตภัณฑ์ปิโตรเลียม,Petroleum products,พลังงานและเชื้อเพลิง,Energy & Fuel,"348,519.19"
2566,2023,กรุงเทพมหานคร,Bangkok,ขาเข้า,Arrival,โลหะภัณฑ์,Metal products,โลหะภัณฑ์และเครื่องมือ,Metal Products & Tools/Equipment,"1,234,265.92"
2566,2023,กรุงเทพมหานคร,Bangkok,ขาเข้า,Arrival,วัสดุก่อสร้าง,Construction materials,วัสดุก่อสร้างและแร่ธาตุ,Construction Materials & Minerals,"3,011.16"
2566,2023,กรุงเทพมหานคร,Bangkok,ขาเข้า,Arrival,เคมีภัณฑ์,Chemical products,เคมีภัณฑ์และปุ๋ย,Chemicals & Fertilizers,"16,922.22"
2566,2023,กรุงเทพมหานคร,Bangkok,ขาเข้า,Arrival,เครื่องมือ/อุปกรณ์,Tools and equipment,โลหะภัณฑ์และเครื่องมือ,Metal Products & Tools/Equipment,"2,640.19"
2566,2023,กรุงเทพมหานคร,Bangkok,ขาเข้า,Arrival,สินค้าเบ็ดเตล็ด,Miscellaneous goods,คอนเทนเนอร์และสินค้าเบ็ดเตล็ด,Containers & Miscellaneous Goods,"78,352.45"
2566,2023,กรุงเทพมหานคร,Bangkok,ขาเข้า,Arrival,คอนเทนเนอร์,Containers,คอนเทนเนอร์และสินค้าเบ็ดเตล็ด,Containers & Miscellaneous Goods,"7,642,589.72"
2566,2023,กรุงเทพมหานคร,Bangkok,ขาออก,Departure,ข้าว,Rice,ผลผลิตเกษตรกรรม,Agricultural Products,"425,113.82"
2566,2023,กรุงเทพมหานคร,Bangkok,ขาออก,Departure,มันสำปะหลัง,Cassava,ผลผลิตเกษตรกรรม,Agricultural Products,"21,620.80"
2566,2023,กรุงเทพมหานคร,Bangkok,ขาออก,Departure,ไม้,Wood,วัสดุก่อสร้างและแร่ธาตุ,Construction Materials & Minerals,890.89
2566,2023,กรุงเทพมหานคร,Bangkok,ขาออก,Departure,ผลผลิตเกษตรอื่นๆ,Other agricultural crops,ผลผลิตเกษตรกรรม,Agricultural Products,"5,300.00"
2566,2023,กรุงเทพมหานคร,Bangkok,ขาออก,Departure,น้ำตาล,Sugar,ผลผลิตเกษตรกรรม,Agricultural Products,"280,657.69"
2566,2023,กรุงเทพมหานคร,Bangkok,ขาออก,Departure,เครื่องบริโภคอื่นๆ,Other food products,ปศุสัตว์และอาหาร,Livestock & Food Products,"15,626.00"
2566,2023,กรุงเทพมหานคร,Bangkok,ขาออก,Departure,แร่เชื้อเพลิง,Mineral fuels,พลังงานและเชื้อเพลิง,Energy & Fuel,"3,642.00"
2566,2023,กรุงเทพมหานคร,Bangkok,ขาออก,Departure,ผลิตภัณฑ์ปิโตรเลียม,Petroleum products,พลังงานและเชื้อเพลิง,Energy & Fuel,"599,990.73"
2566,2023,กรุงเทพมหานคร,Bangkok,ขาออก,Departure,โลหะภัณฑ์,Metal products,โลหะภัณฑ์และเครื่องมือ,Metal Products & Tools/Equipment,"599,995.35"
2566,2023,กรุงเทพมหานคร,Bangkok,ขาออก,Departure,ซีเมนต์,Cement,วัสดุก่อสร้างและแร่ธาตุ,Construction Materials & Minerals,"9,850.00"
2566,2023,กรุงเทพมหานคร,Bangkok,ขาออก,Departure,แร่ธาตุอื่นๆ,Other minerals,วัสดุก่อสร้างและแร่ธาตุ,Construction Materials & Minerals,"324,174.19"
2566,2023,กรุงเทพมหานคร,Bangkok,ขาออก,Departure,เคมีภัณฑ์,Chemical products,เคมีภัณฑ์และปุ๋ย,Chemicals & Fertilizers,"106,289.94"
2566,2023,กรุงเทพมหานคร,Bangkok,ขาออก,Departure,สินค้าเบ็ดเตล็ด,Miscellaneous goods,คอนเทนเนอร์และสินค้าเบ็ดเตล็ด,Containers & Miscellaneous Goods,"337,774.84"
2566,2023,กรุงเทพมหานคร,Bangkok,ขาออก,Departure,คอนเทนเนอร์,Containers,คอนเทนเนอร์และสินค้าเบ็ดเตล็ด,Containers & Miscellaneous Goods,"7,563,932.55"
2566,2023,เขตเศรษฐกิจจำเพาะ,Exclusive Economic Zone,ขาเข้า,Arrival,ผลิตภัณฑ์ปิโตรเลียม,Petroleum products,พลังงานและเชื้อเพลิง,Energy & Fuel,"355,426.68"
2566,2023,เขตเศรษฐกิจจำเพาะ,Exclusive Economic Zone,ขาออก,Departure,ผลิตภัณฑ์ปิโตรเลียม,Petroleum products,พลังงานและเชื้อเพลิง,Energy & Fuel,"2,970,473.31"
2566,2023,เขตเศรษฐกิจจำเพาะ,Exclusive Economic Zone,ขาออก,Departure,สินค้าเบ็ดเตล็ด,Miscellaneous goods,คอนเทนเนอร์และสินค้าเบ็ดเตล็ด,Containers & Miscellaneous Goods,"17,858.83"
2566,2023,ฉะเชิงเทรา,Chachoengsao,ขาเข้า,Arrival,ผลผลิตเกษตรอื่นๆ,Other agricultural crops,ผลผลิตเกษตรกรรม,Agricultural Products,"1,330.00"
2566,2023,ฉะเชิงเทรา,Chachoengsao,ขาเข้า,Arrival,ผลิตภัณฑ์ปิโตรเลียม,Petroleum products,พลังงานและเชื้อเพลิง,Energy & Fuel,"33,953.00"
2566,2023,ฉะเชิงเทรา,Chachoengsao,ขาเข้า,Arrival,เคมีภัณฑ์,Chemical products,เคมีภัณฑ์และปุ๋ย,Chemicals & Fertilizers,"18,272.00"
2566,2023,ฉะเชิงเทรา,Chachoengsao,ขาออก,Departure,ผลิตภัณฑ์ปิโตรเลียม,Petroleum products,พลังงานและเชื้อเพลิง,Energy & Fuel,"7,263.00"
2566,2023,ฉะเชิงเทรา,Chachoengsao,ขาออก,Departure,โลหะภัณฑ์,Metal products,โลหะภัณฑ์และเครื่องมือ,Metal Products & Tools/Equipment,"1,967.70"
2566,2023,ฉะเชิงเทรา,Chachoengsao,ขาออก,Departure,ดิน หิน ทราย,Stones Soil Sand,วัสดุก่อสร้างและแร่ธาตุ,Construction Materials & Minerals,"583,800.00"
2566,2023,ฉะเชิงเทรา,Chachoengsao,ขาออก,Departure,สินค้าเบ็ดเตล็ด,Miscellaneous goods,คอนเทนเนอร์และสินค้าเบ็ดเตล็ด,Containers & Miscellaneous Goods,"31,348.00"
2566,2023,ชลบุรี,Chon Buri,ขาเข้า,Arrival,ข้าว,Rice,ผลผลิตเกษตรกรรม,Agricultural Products,"785,213.76"
2566,2023,ชลบุรี,Chon Buri,ขาเข้า,Arrival,ข้าวโพด,Maize,ผลผลิตเกษตรกรรม,Agricultural Products,"177,830.00"
2566,2023,ชลบุรี,Chon Buri,ขาเข้า,Arrival,ยางพารา,Rubber,ผลผลิตเกษตรกรรม,Agricultural Products,"1,020.00"
2566,2023,ชลบุรี,Chon Buri,ขาเข้า,Arrival,ไม้,Wood,วัสดุก่อสร้างและแร่ธาตุ,Construction Materials & Minerals,"1,069,730.69"
2566,2023,ชลบุรี,Chon Buri,ขาเข้า,Arrival,ผลผลิตเกษตรอื่นๆ,Other agricultural crops,ผลผลิตเกษตรกรรม,Agricultural Products,"10,168,569.25"
2566,2023,ชลบุรี,Chon Buri,ขาเข้า,Arrival,อาหารสัตว์,Animal feed,ปศุสัตว์และอาหาร,Livestock & Food Products,"245,019.90"
2566,2023,ชลบุรี,Chon Buri,ขาเข้า,Arrival,น้ำตาล,Sugar,ผลผลิตเกษตรกรรม,Agricultural Products,"466,936.14"
2566,2023,ชลบุรี,Chon Buri,ขาเข้า,Arrival,แร่เชื้อเพลิง,Mineral fuels,พลังงานและเชื้อเพลิง,Energy & Fuel,"12,430,714.94"
2566,2023,ชลบุรี,Chon Buri,ขาเข้า,Arrival,ผลิตภัณฑ์ปิโตรเลียม,Petroleum products,พลังงานและเชื้อเพลิง,Energy & Fuel,"24,545,347.63"
2566,2023,ชลบุรี,Chon Buri,ขาเข้า,Arrival,โลหะภัณฑ์,Metal products,โลหะภัณฑ์และเครื่องมือ,Metal Products & Tools/Equipment,"6,787,775.98"
2566,2023,ชลบุรี,Chon Buri,ขาเข้า,Arrival,แร่ธาตุอื่นๆ,Other minerals,วัสดุก่อสร้างและแร่ธาตุ,Construction Materials & Minerals,"857,850.00"
2566,2023,ชลบุรี,Chon Buri,ขาเข้า,Arrival,วัสดุก่อสร้าง,Construction materials,วัสดุก่อสร้างและแร่ธาตุ,Construction Materials & Minerals,"16,956.60"
2566,2023,ชลบุรี,Chon Buri,ขาเข้า,Arrival,ปุ๋ย,Fertilizer,เคมีภัณฑ์และปุ๋ย,Chemicals & Fertilizers,"4,583,691.11"
2566,2023,ชลบุรี,Chon Buri,ขาเข้า,Arrival,เคมีภัณฑ์,Chemical products,เคมีภัณฑ์และปุ๋ย,Chemicals & Fertilizers,"2,411,409.25"
2566,2023,ชลบุรี,Chon Buri,ขาเข้า,Arrival,เครื่องมือ/อุปกรณ์,Tools and equipment,โลหะภัณฑ์และเครื่องมือ,Metal Products & Tools/Equipment,"1,170,744.81"
2566,2023,ชลบุรี,Chon Buri,ขาเข้า,Arrival,สินค้าเบ็ดเตล็ด,Miscellaneous goods,คอนเทนเนอร์และสินค้าเบ็ดเตล็ด,Containers & Miscellaneous Goods,"964,086.47"
2566,2023,ชลบุรี,Chon Buri,ขาเข้า,Arrival,คอนเทนเนอร์,Containers,คอนเทนเนอร์และสินค้าเบ็ดเตล็ด,Containers & Miscellaneous Goods,"38,980,963.03"
2566,2023,ชลบุรี,Chon Buri,ขาออก,Departure,ข้าว,Rice,ผลผลิตเกษตรกรรม,Agricultural Products,"4,109,474.88"
2566,2023,ชลบุรี,Chon Buri,ขาออก,Departure,มันสำปะหลัง,Cassava,ผลผลิตเกษตรกรรม,Agricultural Products,"4,448,515.76"
2566,2023,ชลบุรี,Chon Buri,ขาออก,Departure,ไม้,Wood,วัสดุก่อสร้างและแร่ธาตุ,Construction Materials & Minerals,"5,200,929.74"
2566,2023,ชลบุรี,Chon Buri,ขาออก,Departure,ผลผลิตเกษตรอื่นๆ,Other agricultural crops,ผลผลิตเกษตรกรรม,Agricultural Products,"459,709.30"
2566,2023,ชลบุรี,Chon Buri,ขาออก,Departure,น้ำตาล,Sugar,ผลผลิตเกษตรกรรม,Agricultural Products,"3,925,005.60"
2566,2023,ชลบุรี,Chon Buri,ขาออก,Departure,แร่เชื้อเพลิง,Mineral fuels,พลังงานและเชื้อเพลิง,Energy & Fuel,"1,208,233.96"
2566,2023,ชลบุรี,Chon Buri,ขาออก,Departure,ผลิตภัณฑ์ปิโตรเลียม,Petroleum products,พลังงานและเชื้อเพลิง,Energy & Fuel,"18,586,533.33"
2566,2023,ชลบุรี,Chon Buri,ขาออก,Departure,เศษโลหะและแร่,Scrap metals and minerals,วัสดุก่อสร้างและแร่ธาตุ,Construction Materials & Minerals,"60,000.00"
2566,2023,ชลบุรี,Chon Buri,ขาออก,Departure,โลหะภัณฑ์,Metal products,โลหะภัณฑ์และเครื่องมือ,Metal Products & Tools/Equipment,"7,169,253.28"
2566,2023,ชลบุรี,Chon Buri,ขาออก,Departure,ซีเมนต์,Cement,วัสดุก่อสร้างและแร่ธาตุ,Construction Materials & Minerals,"3,658,027.72"
2566,2023,ชลบุรี,Chon Buri,ขาออก,Departure,แร่ธาตุอื่นๆ,Other minerals,วัสดุก่อสร้างและแร่ธาตุ,Construction Materials & Minerals,"1,452,416.10"
2566,2023,ชลบุรี,Chon Buri,ขาออก,Departure,วัสดุก่อสร้าง,Construction materials,วัสดุก่อสร้างและแร่ธาตุ,Construction Materials & Minerals,926.60
2566,2023,ชลบุรี,Chon Buri,ขาออก,Departure,ปุ๋ย,Fertilizer,เคมีภัณฑ์และปุ๋ย,Chemicals & Fertilizers,"661,937.28"
2566,2023,ชลบุรี,Chon Buri,ขาออก,Departure,เคมีภัณฑ์,Chemical products,เคมีภัณฑ์และปุ๋ย,Chemicals & Fertilizers,"1,863,547.35"
2566,2023,ชลบุรี,Chon Buri,ขาออก,Departure,เครื่องมือ/อุปกรณ์,Tools and equipment,โลหะภัณฑ์และเครื่องมือ,Metal Products & Tools/Equipment,"1,899,459.34"
2566,2023,ชลบุรี,Chon Buri,ขาออก,Departure,สินค้าเบ็ดเตล็ด,Miscellaneous goods,คอนเทนเนอร์และสินค้าเบ็ดเตล็ด,Containers & Miscellaneous Goods,"2,262,898.62"
2566,2023,ชลบุรี,Chon Buri,ขาออก,Departure,คอนเทนเนอร์,Containers,คอนเทนเนอร์และสินค้าเบ็ดเตล็ด,Containers & Miscellaneous Goods,"53,114,318.45"
2566,2023,ตรัง,Trang,ขาเข้า,Arrival,ข้าวโพด,Maize,ผลผลิตเกษตรกรรม,Agricultural Products,"145,451.00"
2566,2023,ตรัง,Trang,ขาเข้า,Arrival,มันสำปะหลัง,Cassava,ผลผลิตเกษตรกรรม,Agricultural Products,"5,017.02"
2566,2023,ตรัง,Trang,ขาเข้า,Arrival,ยางพารา,Rubber,ผลผลิตเกษตรกรรม,Agricultural Products,823.00
2566,2023,ตรัง,Trang,ขาเข้า,Arrival,ไม้,Wood,วัสดุก่อสร้างและแร่ธาตุ,Construction Materials & Minerals,"2,300.00"
2566,2023,ตรัง,Trang,ขาเข้า,Arrival,แร่เชื้อเพลิง,Mineral fuels,พลังงานและเชื้อเพลิง,Energy & Fuel,"35,749.69"
2566,2023,ตรัง,Trang,ขาเข้า,Arrival,สินค้าเบ็ดเตล็ด,Miscellaneous goods,คอนเทนเนอร์และสินค้าเบ็ดเตล็ด,Containers & Miscellaneous Goods,"3,046.98"
2566,2023,ตรัง,Trang,ขาเข้า,Arrival,คอนเทนเนอร์,Containers,คอนเทนเนอร์และสินค้าเบ็ดเตล็ด,Containers & Miscellaneous Goods,"33,950.59"
2566,2023,ตรัง,Trang,ขาออก,Departure,มันสำปะหลัง,Cassava,ผลผลิตเกษตรกรรม,Agricultural Products,"5,017.02"
2566,2023,ตรัง,Trang,ขาออก,Departure,ไม้,Wood,วัสดุก่อสร้างและแร่ธาตุ,Construction Materials & Minerals,"2,038.00"
2566,2023,ตรัง,Trang,ขาออก,Departure,โลหะภัณฑ์,Metal products,โลหะภัณฑ์และเครื่องมือ,Metal Products & Tools/Equipment,"5,300.00"
2566,2023,ตรัง,Trang,ขาออก,Departure,ซีเมนต์,Cement,วัสดุก่อสร้างและแร่ธาตุ,Construction Materials & Minerals,"523,010.00"
2566,2023,ตรัง,Trang,ขาออก,Departure,แร่ธาตุอื่นๆ,Other minerals,วัสดุก่อสร้างและแร่ธาตุ,Construction Materials & Minerals,"617,800.00"
2566,2023,ตรัง,Trang,ขาออก,Departure,สินค้าเบ็ดเตล็ด,Miscellaneous goods,คอนเทนเนอร์และสินค้าเบ็ดเตล็ด,Containers & Miscellaneous Goods,"93,298.11"
2566,2023,ตรัง,Trang,ขาออก,Departure,คอนเทนเนอร์,Containers,คอนเทนเนอร์และสินค้าเบ็ดเตล็ด,Containers & Miscellaneous Goods,"459,803.63"
2566,2023,ตราด,Trat,ขาเข้า,Arrival,ไม้,Wood,วัสดุก่อสร้างและแร่ธาตุ,Construction Materials & Minerals,379.17
2566,2023,ตราด,Trat,ขาเข้า,Arrival,อาหารสัตว์,Animal feed,ปศุสัตว์และอาหาร,Livestock & Food Products,2.20
2566,2023,ตราด,Trat,ขาเข้า,Arrival,เครื่องบริโภคอื่นๆ,Other food products,ปศุสัตว์และอาหาร,Livestock & Food Products,203.72
2566,2023,ตราด,Trat,ขาเข้า,Arrival,สินค้าเบ็ดเตล็ด,Miscellaneous goods,คอนเทนเนอร์และสินค้าเบ็ดเตล็ด,Containers & Miscellaneous Goods,43.26
2566,2023,ตราด,Trat,ขาออก,Departure,น้ำตาล,Sugar,ผลผลิตเกษตรกรรม,Agricultural Products,"8,144.14"
2566,2023,ตราด,Trat,ขาออก,Departure,เครื่องบริโภคอื่นๆ,Other food products,ปศุสัตว์และอาหาร,Livestock & Food Products,1.00
2566,2023,ตราด,Trat,ขาออก,Departure,ผลิตภัณฑ์ปิโตรเลียม,Petroleum products,พลังงานและเชื้อเพลิง,Energy & Fuel,"1,221.07"
2566,2023,ตราด,Trat,ขาออก,Departure,โลหะภัณฑ์,Metal products,โลหะภัณฑ์และเครื่องมือ,Metal Products & Tools/Equipment,13.50
2566,2023,ตราด,Trat,ขาออก,Departure,เคมีภัณฑ์,Chemical products,เคมีภัณฑ์และปุ๋ย,Chemicals & Fertilizers,128.38
2566,2023,ตราด,Trat,ขาออก,Departure,สินค้าเบ็ดเตล็ด,Miscellaneous goods,คอนเทนเนอร์และสินค้าเบ็ดเตล็ด,Containers & Miscellaneous Goods,"58,829.19"
2566,2023,ตราด,Trat,ขาออก,Departure,คอนเทนเนอร์,Containers,คอนเทนเนอร์และสินค้าเบ็ดเตล็ด,Containers & Miscellaneous Goods,510.52
2566,2023,นครศรีธรรมราช,Nakhon Si Thammarat,ขาเข้า,Arrival,แร่ธาตุอื่นๆ,Other minerals,วัสดุก่อสร้างและแร่ธาตุ,Construction Materials & Minerals,"4,900.00"
2566,2023,นครศรีธรรมราช,Nakhon Si Thammarat,ขาออก,Departure,ผลิตภัณฑ์ปิโตรเลียม,Petroleum products,พลังงานและเชื้อเพลิง,Energy & Fuel,"19,400.00"
2566,2023,นครศรีธรรมราช,Nakhon Si Thammarat,ขาออก,Departure,แร่ธาตุอื่นๆ,Other minerals,วัสดุก่อสร้างและแร่ธาตุ,Construction Materials & Minerals,"1,275,425.00"
2566,2023,นครศรีธรรมราช,Nakhon Si Thammarat,ขาออก,Departure,เคมีภัณฑ์,Chemical products,เคมีภัณฑ์และปุ๋ย,Chemicals & Fertilizers,"162,750.00"
2566,2023,นราธิวาส,Narathiwat,ขาเข้า,Arrival,แร่ธาตุอื่นๆ,Other minerals,วัสดุก่อสร้างและแร่ธาตุ,Construction Materials & Minerals,"57,100.00"
2566,2023,นราธิวาส,Narathiwat,ขาออก,Departure,ดิน หิน ทราย,Stones Soil Sand,วัสดุก่อสร้างและแร่ธาตุ,Construction Materials & Minerals,"4,000.00"
2566,2023,นราธิวาส,Narathiwat,ขาออก,Departure,แร่ธาตุอื่นๆ,Other minerals,วัสดุก่อสร้างและแร่ธาตุ,Construction Materials & Minerals,"177,000.00"
2566,2023,ประจวบคีรีขันธ์,Prachuapkhiri Khan,ขาเข้า,Arrival,ผลิตภัณฑ์ปิโตรเลียม,Petroleum products,พลังงานและเชื้อเพลิง,Energy & Fuel,"14,000.00"
2566,2023,ประจวบคีรีขันธ์,Prachuapkhiri Khan,ขาเข้า,Arrival,โลหะภัณฑ์,Metal products,โลหะภัณฑ์และเครื่องมือ,Metal Products & Tools/Equipment,"1,421,782.94"
2566,2023,ประจวบคีรีขันธ์,Prachuapkhiri Khan,ขาเข้า,Arrival,แร่ธาตุอื่นๆ,Other minerals,วัสดุก่อสร้างและแร่ธาตุ,Construction Materials & Minerals,"35,295.84"
2566,2023,ประจวบคีรีขันธ์,Prachuapkhiri Khan,ขาเข้า,Arrival,เคมีภัณฑ์,Chemical products,เคมีภัณฑ์และปุ๋ย,Chemicals & Fertilizers,"1,100.00"
2566,2023,ประจวบคีรีขันธ์,Prachuapkhiri Khan,ขาเข้า,Arrival,เครื่องมือ/อุปกรณ์,Tools and equipment,โลหะภัณฑ์และเครื่องมือ,Metal Products & Tools/Equipment,"2,417.47"
2566,2023,ประจวบคีรีขันธ์,Prachuapkhiri Khan,ขาเข้า,Arrival,สินค้าเบ็ดเตล็ด,Miscellaneous goods,คอนเทนเนอร์และสินค้าเบ็ดเตล็ด,Containers & Miscellaneous Goods,"21,080.74"
2566,2023,ประจวบคีรีขันธ์,Prachuapkhiri Khan,ขาเข้า,Arrival,คอนเทนเนอร์,Containers,คอนเทนเนอร์และสินค้าเบ็ดเตล็ด,Containers & Miscellaneous Goods,"10,380.58"
2566,2023,ประจวบคีรีขันธ์,Prachuapkhiri Khan,ขาออก,Departure,ผลผลิตเกษตรอื่นๆ,Other agricultural crops,ผลผลิตเกษตรกรรม,Agricultural Products,"40,700.00"
2566,2023,ประจวบคีรีขันธ์,Prachuapkhiri Khan,ขาออก,Departure,เศษโลหะและแร่,Scrap metals and minerals,วัสดุก่อสร้างและแร่ธาตุ,Construction Materials & Minerals,"10,000.00"
2566,2023,ประจวบคีรีขันธ์,Prachuapkhiri Khan,ขาออก,Departure,โลหะภัณฑ์,Metal products,โลหะภัณฑ์และเครื่องมือ,Metal Products & Tools/Equipment,"598,218.86"
2566,2023,ประจวบคีรีขันธ์,Prachuapkhiri Khan,ขาออก,Departure,แร่ธาตุอื่นๆ,Other minerals,วัสดุก่อสร้างและแร่ธาตุ,Construction Materials & Minerals,"11,443.97"
2566,2023,ประจวบคีรีขันธ์,Prachuapkhiri Khan,ขาออก,Departure,เคมีภัณฑ์,Chemical products,เคมีภัณฑ์และปุ๋ย,Chemicals & Fertilizers,"3,150.00"
2566,2023,ประจวบคีรีขันธ์,Prachuapkhiri Khan,ขาออก,Departure,สินค้าเบ็ดเตล็ด,Miscellaneous goods,คอนเทนเนอร์และสินค้าเบ็ดเตล็ด,Containers & Miscellaneous Goods,"60,408.32"
2566,2023,พระนครศรีอยุธยา,Phra Nakhon Si Ayutthaya,ขาออก,Departure,แร่ธาตุอื่นๆ,Other minerals,วัสดุก่อสร้างและแร่ธาตุ,Construction Materials & Minerals,"19,500.00"
2566,2023,พังงา,Phangnga,ขาออก,Departure,ดิน หิน ทราย,Stones Soil Sand,วัสดุก่อสร้างและแร่ธาตุ,Construction Materials & Minerals,"44,000.00"
2566,2023,เพชรบุรี,Phetchaburi,ขาเข้า,Arrival,ผลิตภัณฑ์ปิโตรเลียม,Petroleum products,พลังงานและเชื้อเพลิง,Energy & Fuel,"2,700,400.69"
2566,2023,เพชรบุรี,Phetchaburi,ขาเข้า,Arrival,เคมีภัณฑ์,Chemical products,เคมีภัณฑ์และปุ๋ย,Chemicals & Fertilizers,"4,919.67"
2566,2023,เพชรบุรี,Phetchaburi,ขาออก,Departure,ผลิตภัณฑ์ปิโตรเลียม,Petroleum products,พลังงานและเชื้อเพลิง,Energy & Fuel,"1,605,350.97"
2566,2023,เพชรบุรี,Phetchaburi,ขาออก,Departure,เคมีภัณฑ์,Chemical products,เคมีภัณฑ์และปุ๋ย,Chemicals & Fertilizers,"67,366.00"
2566,2023,ภูเก็ต,Phuket,ขาเข้า,Arrival,ยางพารา,Rubber,ผลผลิตเกษตรกรรม,Agricultural Products,"214,800.00"
2566,2023,ภูเก็ต,Phuket,ขาเข้า,Arrival,ไม้,Wood,วัสดุก่อสร้างและแร่ธาตุ,Construction Materials & Minerals,"30,000.24"
2566,2023,ภูเก็ต,Phuket,ขาเข้า,Arrival,ผลผลิตเกษตรอื่นๆ,Other agricultural crops,ผลผลิตเกษตรกรรม,Agricultural Products,"110,142.24"
2566,2023,ภูเก็ต,Phuket,ขาเข้า,Arrival,เครื่องบริโภคอื่นๆ,Other food products,ปศุสัตว์และอาหาร,Livestock & Food Products,174.86
2566,2023,ภูเก็ต,Phuket,ขาเข้า,Arrival,ผลิตภัณฑ์ปิโตรเลียม,Petroleum products,พลังงานและเชื้อเพลิง,Energy & Fuel,"14,000.00"
2566,2023,ภูเก็ต,Phuket,ขาเข้า,Arrival,โลหะภัณฑ์,Metal products,โลหะภัณฑ์และเครื่องมือ,Metal Products & Tools/Equipment,"14,990.27"
2566,2023,ภูเก็ต,Phuket,ขาเข้า,Arrival,ซีเมนต์,Cement,วัสดุก่อสร้างและแร่ธาตุ,Construction Materials & Minerals,"6,500.00"
2566,2023,ภูเก็ต,Phuket,ขาเข้า,Arrival,แร่ธาตุอื่นๆ,Other minerals,วัสดุก่อสร้างและแร่ธาตุ,Construction Materials & Minerals,27.29
2566,2023,ภูเก็ต,Phuket,ขาเข้า,Arrival,เครื่องมือ/อุปกรณ์,Tools and equipment,โลหะภัณฑ์และเครื่องมือ,Metal Products & Tools/Equipment,"59,653.55"
2566,2023,ภูเก็ต,Phuket,ขาเข้า,Arrival,สินค้าเบ็ดเตล็ด,Miscellaneous goods,คอนเทนเนอร์และสินค้าเบ็ดเตล็ด,Containers & Miscellaneous Goods,"1,423.43"
2566,2023,ภูเก็ต,Phuket,ขาเข้า,Arrival,คอนเทนเนอร์,Containers,คอนเทนเนอร์และสินค้าเบ็ดเตล็ด,Containers & Miscellaneous Goods,"11,000.00"
2566,2023,ภูเก็ต,Phuket,ขาออก,Departure,ยางพารา,Rubber,ผลผลิตเกษตรกรรม,Agricultural Products,"309,900.00"
2566,2023,ภูเก็ต,Phuket,ขาออก,Departure,ไม้,Wood,วัสดุก่อสร้างและแร่ธาตุ,Construction Materials & Minerals,"626,896.45"
2566,2023,ภูเก็ต,Phuket,ขาออก,Departure,ผลผลิตเกษตรอื่นๆ,Other agricultural crops,ผลผลิตเกษตรกรรม,Agricultural Products,"391,731.68"
2566,2023,ภูเก็ต,Phuket,ขาออก,Departure,เครื่องบริโภคอื่นๆ,Other food products,ปศุสัตว์และอาหาร,Livestock & Food Products,73.76
2566,2023,ภูเก็ต,Phuket,ขาออก,Departure,ผลิตภัณฑ์ปิโตรเลียม,Petroleum products,พลังงานและเชื้อเพลิง,Energy & Fuel,"17,500.00"
2566,2023,ภูเก็ต,Phuket,ขาออก,Departure,เศษโลหะและแร่,Scrap metals and minerals,วัสดุก่อสร้างและแร่ธาตุ,Construction Materials & Minerals,"7,800.00"
2566,2023,ภูเก็ต,Phuket,ขาออก,Departure,โลหะภัณฑ์,Metal products,โลหะภัณฑ์และเครื่องมือ,Metal Products & Tools/Equipment,340.00
2566,2023,ภูเก็ต,Phuket,ขาออก,Departure,ซีเมนต์,Cement,วัสดุก่อสร้างและแร่ธาตุ,Construction Materials & Minerals,"6,500.00"
2566,2023,ภูเก็ต,Phuket,ขาออก,Departure,แร่ธาตุอื่นๆ,Other minerals,วัสดุก่อสร้างและแร่ธาตุ,Construction Materials & Minerals,13.65
2566,2023,ภูเก็ต,Phuket,ขาออก,Departure,เครื่องมือ/อุปกรณ์,Tools and equipment,โลหะภัณฑ์และเครื่องมือ,Metal Products & Tools/Equipment,"59,165.12"
2566,2023,ภูเก็ต,Phuket,ขาออก,Departure,สินค้าเบ็ดเตล็ด,Miscellaneous goods,คอนเทนเนอร์และสินค้าเบ็ดเตล็ด,Containers & Miscellaneous Goods,"1,736.66"
2566,2023,ภูเก็ต,Phuket,ขาออก,Departure,คอนเทนเนอร์,Containers,คอนเทนเนอร์และสินค้าเบ็ดเตล็ด,Containers & Miscellaneous Goods,"11,000.00"
2566,2023,ระนอง,Ranong,ขาเข้า,Arrival,ข้าวโพด,Maize,ผลผลิตเกษตรกรรม,Agricultural Products,"15,000.00"
2566,2023,ระนอง,Ranong,ขาเข้า,Arrival,ผลผลิตเกษตรอื่นๆ,Other agricultural crops,ผลผลิตเกษตรกรรม,Agricultural Products,"2,749.78"
2566,2023,ระนอง,Ranong,ขาเข้า,Arrival,อาหารสัตว์,Animal feed,ปศุสัตว์และอาหาร,Livestock & Food Products,"26,728.56"
2566,2023,ระนอง,Ranong,ขาเข้า,Arrival,เครื่องบริโภคอื่นๆ,Other food products,ปศุสัตว์และอาหาร,Livestock & Food Products,"150,675.79"
2566,2023,ระนอง,Ranong,ขาเข้า,Arrival,แร่เชื้อเพลิง,Mineral fuels,พลังงานและเชื้อเพลิง,Energy & Fuel,27.87
2566,2023,ระนอง,Ranong,ขาเข้า,Arrival,ผลิตภัณฑ์ปิโตรเลียม,Petroleum products,พลังงานและเชื้อเพลิง,Energy & Fuel,15.00
2566,2023,ระนอง,Ranong,ขาเข้า,Arrival,แร่ธาตุอื่นๆ,Other minerals,วัสดุก่อสร้างและแร่ธาตุ,Construction Materials & Minerals,254.03
2566,2023,ระนอง,Ranong,ขาเข้า,Arrival,เคมีภัณฑ์,Chemical products,เคมีภัณฑ์และปุ๋ย,Chemicals & Fertilizers,"7,500.00"
2566,2023,ระนอง,Ranong,ขาเข้า,Arrival,สินค้าเบ็ดเตล็ด,Miscellaneous goods,คอนเทนเนอร์และสินค้าเบ็ดเตล็ด,Containers & Miscellaneous Goods,"1,348.42"
2566,2023,ระนอง,Ranong,ขาออก,Departure,อาหารสัตว์,Animal feed,ปศุสัตว์และอาหาร,Livestock & Food Products,"4,297.00"
2566,2023,ระนอง,Ranong,ขาออก,Departure,เครื่องบริโภคอื่นๆ,Other food products,ปศุสัตว์และอาหาร,Livestock & Food Products,"41,172.71"
2566,2023,ระนอง,Ranong,ขาออก,Departure,ผลิตภัณฑ์ปิโตรเลียม,Petroleum products,พลังงานและเชื้อเพลิง,Energy & Fuel,10.80
2566,2023,ระนอง,Ranong,ขาออก,Departure,โลหะภัณฑ์,Metal products,โลหะภัณฑ์และเครื่องมือ,Metal Products & Tools/Equipment,10.00
2566,2023,ระนอง,Ranong,ขาออก,Departure,ซีเมนต์,Cement,วัสดุก่อสร้างและแร่ธาตุ,Construction Materials & Minerals,"20,930.00"
2566,2023,ระนอง,Ranong,ขาออก,Departure,ปุ๋ย,Fertilizer,เคมีภัณฑ์และปุ๋ย,Chemicals & Fertilizers,"11,688.54"
2566,2023,ระนอง,Ranong,ขาออก,Departure,สินค้าเบ็ดเตล็ด,Miscellaneous goods,คอนเทนเนอร์และสินค้าเบ็ดเตล็ด,Containers & Miscellaneous Goods,"210,026.79"
2566,2023,ระยอง,Rayong,ขาเข้า,Arrival,ไม้,Wood,วัสดุก่อสร้างและแร่ธาตุ,Construction Materials & Minerals,"15,000.00"
2566,2023,ระยอง,Rayong,ขาเข้า,Arrival,ผลผลิตเกษตรอื่นๆ,Other agricultural crops,ผลผลิตเกษตรกรรม,Agricultural Products,"93,399.74"
2566,2023,ระยอง,Rayong,ขาเข้า,Arrival,แร่เชื้อเพลิง,Mineral fuels,พลังงานและเชื้อเพลิง,Energy & Fuel,"5,258,104.00"
2566,2023,ระยอง,Rayong,ขาเข้า,Arrival,ผลิตภัณฑ์ปิโตรเลียม,Petroleum products,พลังงานและเชื้อเพลิง,Energy & Fuel,"41,883,844.62"
2566,2023,ระยอง,Rayong,ขาเข้า,Arrival,เศษโลหะและแร่,Scrap metals and minerals,วัสดุก่อสร้างและแร่ธาตุ,Construction Materials & Minerals,"5,821.00"
2566,2023,ระยอง,Rayong,ขาเข้า,Arrival,โลหะภัณฑ์,Metal products,โลหะภัณฑ์และเครื่องมือ,Metal Products & Tools/Equipment,"2,287,582.91"
2566,2023,ระยอง,Rayong,ขาเข้า,Arrival,ดิน หิน ทราย,Stones Soil Sand,วัสดุก่อสร้างและแร่ธาตุ,Construction Materials & Minerals,"202,508.93"
2566,2023,ระยอง,Rayong,ขาเข้า,Arrival,แร่ธาตุอื่นๆ,Other minerals,วัสดุก่อสร้างและแร่ธาตุ,Construction Materials & Minerals,"143,384.00"
2566,2023,ระยอง,Rayong,ขาเข้า,Arrival,ปุ๋ย,Fertilizer,เคมีภัณฑ์และปุ๋ย,Chemicals & Fertilizers,"107,909.00"
2566,2023,ระยอง,Rayong,ขาเข้า,Arrival,เคมีภัณฑ์,Chemical products,เคมีภัณฑ์และปุ๋ย,Chemicals & Fertilizers,"5,344,269.42"
2566,2023,ระยอง,Rayong,ขาเข้า,Arrival,เครื่องมือ/อุปกรณ์,Tools and equipment,โลหะภัณฑ์และเครื่องมือ,Metal Products & Tools/Equipment,"51,129.61"
2566,2023,ระยอง,Rayong,ขาเข้า,Arrival,สินค้าเบ็ดเตล็ด,Miscellaneous goods,คอนเทนเนอร์และสินค้าเบ็ดเตล็ด,Containers & Miscellaneous Goods,"125,438.74"
2566,2023,ระยอง,Rayong,ขาออก,Departure,ยางพารา,Rubber,ผลผลิตเกษตรกรรม,Agricultural Products,"1,100.00"
2566,2023,ระยอง,Rayong,ขาออก,Departure,ผลผลิตเกษตรอื่นๆ,Other agricultural crops,ผลผลิตเกษตรกรรม,Agricultural Products,"2,040.00"
2566,2023,ระยอง,Rayong,ขาออก,Departure,แร่เชื้อเพลิง,Mineral fuels,พลังงานและเชื้อเพลิง,Energy & Fuel,"540,395.00"
2566,2023,ระยอง,Rayong,ขาออก,Departure,ผลิตภัณฑ์ปิโตรเลียม,Petroleum products,พลังงานและเชื้อเพลิง,Energy & Fuel,"30,543,254.11"
2566,2023,ระยอง,Rayong,ขาออก,Departure,เศษโลหะและแร่,Scrap metals and minerals,วัสดุก่อสร้างและแร่ธาตุ,Construction Materials & Minerals,"37,500.00"
2566,2023,ระยอง,Rayong,ขาออก,Departure,โลหะภัณฑ์,Metal products,โลหะภัณฑ์และเครื่องมือ,Metal Products & Tools/Equipment,"2,680,792.05"
2566,2023,ระยอง,Rayong,ขาออก,Departure,ดิน หิน ทราย,Stones Soil Sand,วัสดุก่อสร้างและแร่ธาตุ,Construction Materials & Minerals,"464,884.00"
2566,2023,ระยอง,Rayong,ขาออก,Departure,แร่ธาตุอื่นๆ,Other minerals,วัสดุก่อสร้างและแร่ธาตุ,Construction Materials & Minerals,"35,500.00"
2566,2023,ระยอง,Rayong,ขาออก,Departure,ปุ๋ย,Fertilizer,เคมีภัณฑ์และปุ๋ย,Chemicals & Fertilizers,"79,680.00"
2566,2023,ระยอง,Rayong,ขาออก,Departure,เคมีภัณฑ์,Chemical products,เคมีภัณฑ์และปุ๋ย,Chemicals & Fertilizers,"6,688,145.48"
2566,2023,ระยอง,Rayong,ขาออก,Departure,เครื่องมือ/อุปกรณ์,Tools and equipment,โลหะภัณฑ์และเครื่องมือ,Metal Products & Tools/Equipment,"5,900.99"
2566,2023,ระยอง,Rayong,ขาออก,Departure,สินค้าเบ็ดเตล็ด,Miscellaneous goods,คอนเทนเนอร์และสินค้าเบ็ดเตล็ด,Containers & Miscellaneous Goods,"121,360.39"
2566,2023,สงขลา,Songkhla,ขาเข้า,Arrival,ข้าวโพด,Maize,ผลผลิตเกษตรกรรม,Agricultural Products,"59,550.00"
2566,2023,สงขลา,Songkhla,ขาเข้า,Arrival,ไม้,Wood,วัสดุก่อสร้างและแร่ธาตุ,Construction Materials & Minerals,"7,611.75"
2566,2023,สงขลา,Songkhla,ขาเข้า,Arrival,ผลผลิตเกษตรอื่นๆ,Other agricultural crops,ผลผลิตเกษตรกรรม,Agricultural Products,"7,400.00"
2566,2023,สงขลา,Songkhla,ขาเข้า,Arrival,เครื่องบริโภคอื่นๆ,Other food products,ปศุสัตว์และอาหาร,Livestock & Food Products,"49,382.54"
2566,2023,สงขลา,Songkhla,ขาเข้า,Arrival,ผลิตภัณฑ์ปิโตรเลียม,Petroleum products,พลังงานและเชื้อเพลิง,Energy & Fuel,"54,983.65"
2566,2023,สงขลา,Songkhla,ขาเข้า,Arrival,แร่ธาตุอื่นๆ,Other minerals,วัสดุก่อสร้างและแร่ธาตุ,Construction Materials & Minerals,"4,500.00"
2566,2023,สงขลา,Songkhla,ขาเข้า,Arrival,เคมีภัณฑ์,Chemical products,เคมีภัณฑ์และปุ๋ย,Chemicals & Fertilizers,"60,538.32"
2566,2023,สงขลา,Songkhla,ขาเข้า,Arrival,สินค้าเบ็ดเตล็ด,Miscellaneous goods,คอนเทนเนอร์และสินค้าเบ็ดเตล็ด,Containers & Miscellaneous Goods,"198,998.49"
2566,2023,สงขลา,Songkhla,ขาเข้า,Arrival,คอนเทนเนอร์,Containers,คอนเทนเนอร์และสินค้าเบ็ดเตล็ด,Containers & Miscellaneous Goods,"595,606.00"
2566,2023,สงขลา,Songkhla,ขาออก,Departure,ไม้,Wood,วัสดุก่อสร้างและแร่ธาตุ,Construction Materials & Minerals,"529,456.13"
2566,2023,สงขลา,Songkhla,ขาออก,Departure,ผลผลิตเกษตรอื่นๆ,Other agricultural crops,ผลผลิตเกษตรกรรม,Agricultural Products,"2,900.00"
2566,2023,สงขลา,Songkhla,ขาออก,Departure,เครื่องบริโภคอื่นๆ,Other food products,ปศุสัตว์และอาหาร,Livestock & Food Products,"3,397.00"
2566,2023,สงขลา,Songkhla,ขาออก,Departure,ผลิตภัณฑ์ปิโตรเลียม,Petroleum products,พลังงานและเชื้อเพลิง,Energy & Fuel,"58,780.24"
2566,2023,สงขลา,Songkhla,ขาออก,Departure,โลหะภัณฑ์,Metal products,โลหะภัณฑ์และเครื่องมือ,Metal Products & Tools/Equipment,"45,626.82"
2566,2023,สงขลา,Songkhla,ขาออก,Departure,ดิน หิน ทราย,Stones Soil Sand,วัสดุก่อสร้างและแร่ธาตุ,Construction Materials & Minerals,"411,000.00"
2566,2023,สงขลา,Songkhla,ขาออก,Departure,แร่ธาตุอื่นๆ,Other minerals,วัสดุก่อสร้างและแร่ธาตุ,Construction Materials & Minerals,"4,500.00"
2566,2023,สงขลา,Songkhla,ขาออก,Departure,เคมีภัณฑ์,Chemical products,เคมีภัณฑ์และปุ๋ย,Chemicals & Fertilizers,"46,611.67"
2566,2023,สงขลา,Songkhla,ขาออก,Departure,เครื่องมือ/อุปกรณ์,Tools and equipment,โลหะภัณฑ์และเครื่องมือ,Metal Products & Tools/Equipment,260.00
2566,2023,สงขลา,Songkhla,ขาออก,Departure,สินค้าเบ็ดเตล็ด,Miscellaneous goods,คอนเทนเนอร์และสินค้าเบ็ดเตล็ด,Containers & Miscellaneous Goods,"671,306.32"
2566,2023,สงขลา,Songkhla,ขาออก,Departure,คอนเทนเนอร์,Containers,คอนเทนเนอร์และสินค้าเบ็ดเตล็ด,Containers & Miscellaneous Goods,"1,286,541.33"
2566,2023,สตูล,Satun,ขาเข้า,Arrival,สินค้าเบ็ดเตล็ด,Miscellaneous goods,คอนเทนเนอร์และสินค้าเบ็ดเตล็ด,Containers & Miscellaneous Goods,"12,281.48"
2566,2023,สตูล,Satun,ขาออก,Departure,วัสดุก่อสร้าง,Construction materials,วัสดุก่อสร้างและแร่ธาตุ,Construction Materials & Minerals,"16,481.19"
2566,2023,สตูล,Satun,ขาออก,Departure,สินค้าเบ็ดเตล็ด,Miscellaneous goods,คอนเทนเนอร์และสินค้าเบ็ดเตล็ด,Containers & Miscellaneous Goods,"12,184.45"
2566,2023,สมุทรปราการ,Samut Prakan,ขาเข้า,Arrival,ข้าว,Rice,ผลผลิตเกษตรกรรม,Agricultural Products,"4,800.00"
2566,2023,สมุทรปราการ,Samut Prakan,ขาเข้า,Arrival,ไม้,Wood,วัสดุก่อสร้างและแร่ธาตุ,Construction Materials & Minerals,"4,965.28"
2566,2023,สมุทรปราการ,Samut Prakan,ขาเข้า,Arrival,ผลผลิตเกษตรอื่นๆ,Other agricultural crops,ผลผลิตเกษตรกรรม,Agricultural Products,"190,580.21"
2566,2023,สมุทรปราการ,Samut Prakan,ขาเข้า,Arrival,เครื่องบริโภคอื่นๆ,Other food products,ปศุสัตว์และอาหาร,Livestock & Food Products,"353,553.05"
2566,2023,สมุทรปราการ,Samut Prakan,ขาเข้า,Arrival,ผลิตภัณฑ์ปิโตรเลียม,Petroleum products,พลังงานและเชื้อเพลิง,Energy & Fuel,"362,198.59"
2566,2023,สมุทรปราการ,Samut Prakan,ขาเข้า,Arrival,โลหะภัณฑ์,Metal products,โลหะภัณฑ์และเครื่องมือ,Metal Products & Tools/Equipment,"24,882.97"
2566,2023,สมุทรปราการ,Samut Prakan,ขาเข้า,Arrival,ดิน หิน ทราย,Stones Soil Sand,วัสดุก่อสร้างและแร่ธาตุ,Construction Materials & Minerals,"24,900.00"
2566,2023,สมุทรปราการ,Samut Prakan,ขาเข้า,Arrival,ปุ๋ย,Fertilizer,เคมีภัณฑ์และปุ๋ย,Chemicals & Fertilizers,"29,263.50"
2566,2023,สมุทรปราการ,Samut Prakan,ขาเข้า,Arrival,เคมีภัณฑ์,Chemical products,เคมีภัณฑ์และปุ๋ย,Chemicals & Fertilizers,"1,411,354.22"
2566,2023,สมุทรปราการ,Samut Prakan,ขาเข้า,Arrival,สินค้าเบ็ดเตล็ด,Miscellaneous goods,คอนเทนเนอร์และสินค้าเบ็ดเตล็ด,Containers & Miscellaneous Goods,"36,326.20"
2566,2023,สมุทรปราการ,Samut Prakan,ขาเข้า,Arrival,คอนเทนเนอร์,Containers,คอนเทนเนอร์และสินค้าเบ็ดเตล็ด,Containers & Miscellaneous Goods,"1,309,677.34"
2566,2023,สมุทรปราการ,Samut Prakan,ขาออก,Departure,ข้าว,Rice,ผลผลิตเกษตรกรรม,Agricultural Products,"391,559.57"
2566,2023,สมุทรปราการ,Samut Prakan,ขาออก,Departure,ข้าวโพด,Maize,ผลผลิตเกษตรกรรม,Agricultural Products,"4,500.00"
2566,2023,สมุทรปราการ,Samut Prakan,ขาออก,Departure,มันสำปะหลัง,Cassava,ผลผลิตเกษตรกรรม,Agricultural Products,"23,752.40"
2566,2023,สมุทรปราการ,Samut Prakan,ขาออก,Departure,ผลผลิตเกษตรอื่นๆ,Other agricultural crops,ผลผลิตเกษตรกรรม,Agricultural Products,"88,300.00"
2566,2023,สมุทรปราการ,Samut Prakan,ขาออก,Departure,น้ำตาล,Sugar,ผลผลิตเกษตรกรรม,Agricultural Products,"263,460.21"
2566,2023,สมุทรปราการ,Samut Prakan,ขาออก,Departure,เครื่องบริโภคอื่นๆ,Other food products,ปศุสัตว์และอาหาร,Livestock & Food Products,"79,965.98"
2566,2023,สมุทรปราการ,Samut Prakan,ขาออก,Departure,ผลิตภัณฑ์ปิโตรเลียม,Petroleum products,พลังงานและเชื้อเพลิง,Energy & Fuel,"230,708.87"
2566,2023,สมุทรปราการ,Samut Prakan,ขาออก,Departure,เศษโลหะและแร่,Scrap metals and minerals,วัสดุก่อสร้างและแร่ธาตุ,Construction Materials & Minerals,"13,000.00"
2566,2023,สมุทรปราการ,Samut Prakan,ขาออก,Departure,โลหะภัณฑ์,Metal products,โลหะภัณฑ์และเครื่องมือ,Metal Products & Tools/Equipment,"20,584.59"
2566,2023,สมุทรปราการ,Samut Prakan,ขาออก,Departure,ซีเมนต์,Cement,วัสดุก่อสร้างและแร่ธาตุ,Construction Materials & Minerals,"2,700.00"
2566,2023,สมุทรปราการ,Samut Prakan,ขาออก,Departure,แร่ธาตุอื่นๆ,Other minerals,วัสดุก่อสร้างและแร่ธาตุ,Construction Materials & Minerals,"22,243.45"
2566,2023,สมุทรปราการ,Samut Prakan,ขาออก,Departure,วัสดุก่อสร้าง,Construction materials,วัสดุก่อสร้างและแร่ธาตุ,Construction Materials & Minerals,"7,433.77"
2566,2023,สมุทรปราการ,Samut Prakan,ขาออก,Departure,เคมีภัณฑ์,Chemical products,เคมีภัณฑ์และปุ๋ย,Chemicals & Fertilizers,"972,761.74"
2566,2023,สมุทรปราการ,Samut Prakan,ขาออก,Departure,สินค้าเบ็ดเตล็ด,Miscellaneous goods,คอนเทนเนอร์และสินค้าเบ็ดเตล็ด,Containers & Miscellaneous Goods,"33,755.11"
2566,2023,สมุทรปราการ,Samut Prakan,ขาออก,Departure,คอนเทนเนอร์,Containers,คอนเทนเนอร์และสินค้าเบ็ดเตล็ด,Containers & Miscellaneous Goods,"2,289,353.24"
2566,2023,สมุทรสงคราม,Samut Songkram,ขาเข้า,Arrival,ผลผลิตเกษตรอื่นๆ,Other agricultural crops,ผลผลิตเกษตรกรรม,Agricultural Products,"7,409.38"
2566,2023,สมุทรสงคราม,Samut Songkram,ขาเข้า,Arrival,ผลิตภัณฑ์ปิโตรเลียม,Petroleum products,พลังงานและเชื้อเพลิง,Energy & Fuel,"3,100.00"
2566,2023,สมุทรสงคราม,Samut Songkram,ขาเข้า,Arrival,ดิน หิน ทราย,Stones Soil Sand,วัสดุก่อสร้างและแร่ธาตุ,Construction Materials & Minerals,"2,550.00"
2566,2023,สมุทรสาคร,Samut Sakon,ขาเข้า,Arrival,ผลผลิตเกษตรอื่นๆ,Other agricultural crops,ผลผลิตเกษตรกรรม,Agricultural Products,"121,258.48"
2566,2023,สมุทรสาคร,Samut Sakon,ขาเข้า,Arrival,เครื่องบริโภคอื่นๆ,Other food products,ปศุสัตว์และอาหาร,Livestock & Food Products,"45,892.85"
2566,2023,สมุทรสาคร,Samut Sakon,ขาเข้า,Arrival,ดิน หิน ทราย,Stones Soil Sand,วัสดุก่อสร้างและแร่ธาตุ,Construction Materials & Minerals,"5,750.00"
2566,2023,สมุทรสาคร,Samut Sakon,ขาออก,Departure,ผลผลิตเกษตรอื่นๆ,Other agricultural crops,ผลผลิตเกษตรกรรม,Agricultural Products,"17,580.20"
2566,2023,สุราษฎร์ธานี,Surat Thani,ขาเข้า,Arrival,ไม้,Wood,วัสดุก่อสร้างและแร่ธาตุ,Construction Materials & Minerals,"4,702.50"
2566,2023,สุราษฎร์ธานี,Surat Thani,ขาเข้า,Arrival,ผลผลิตเกษตรอื่นๆ,Other agricultural crops,ผลผลิตเกษตรกรรม,Agricultural Products,"12,000.00"
2566,2023,สุราษฎร์ธานี,Surat Thani,ขาเข้า,Arrival,แร่เชื้อเพลิง,Mineral fuels,พลังงานและเชื้อเพลิง,Energy & Fuel,"21,464.00"
2566,2023,สุราษฎร์ธานี,Surat Thani,ขาเข้า,Arrival,ผลิตภัณฑ์ปิโตรเลียม,Petroleum products,พลังงานและเชื้อเพลิง,Energy & Fuel,"39,151.91"
2566,2023,สุราษฎร์ธานี,Surat Thani,ขาเข้า,Arrival,แร่ธาตุอื่นๆ,Other minerals,วัสดุก่อสร้างและแร่ธาตุ,Construction Materials & Minerals,"16,500.00"
2566,2023,สุราษฎร์ธานี,Surat Thani,ขาเข้า,Arrival,เคมีภัณฑ์,Chemical products,เคมีภัณฑ์และปุ๋ย,Chemicals & Fertilizers,"9,768.50"
2566,2023,สุราษฎร์ธานี,Surat Thani,ขาออก,Departure,ไม้,Wood,วัสดุก่อสร้างและแร่ธาตุ,Construction Materials & Minerals,"87,750.16"
2566,2023,สุราษฎร์ธานี,Surat Thani,ขาออก,Departure,ผลผลิตเกษตรอื่นๆ,Other agricultural crops,ผลผลิตเกษตรกรรม,Agricultural Products,"220,030.00"
2566,2023,สุราษฎร์ธานี,Surat Thani,ขาออก,Departure,ผลิตภัณฑ์ปิโตรเลียม,Petroleum products,พลังงานและเชื้อเพลิง,Energy & Fuel,"5,199.48"
2566,2023,สุราษฎร์ธานี,Surat Thani,ขาออก,Departure,โลหะภัณฑ์,Metal products,โลหะภัณฑ์และเครื่องมือ,Metal Products & Tools/Equipment,"7,814.00"
2566,2023,สุราษฎร์ธานี,Surat Thani,ขาออก,Departure,แร่ธาตุอื่นๆ,Other minerals,วัสดุก่อสร้างและแร่ธาตุ,Construction Materials & Minerals,"3,951,696.00"
2566,2023,สุราษฎร์ธานี,Surat Thani,ขาออก,Departure,สินค้าเบ็ดเตล็ด,Miscellaneous goods,คอนเทนเนอร์และสินค้าเบ็ดเตล็ด,Containers & Miscellaneous Goods,"9,957.87"
2567,2024,กระบี่,Krabi,ขาเข้า,Arrival,ผลผลิตเกษตรอื่นๆ,Other agricultural crops,ผลผลิตเกษตรกรรม,Agricultural Products,"100,078.64"
2567,2024,กระบี่,Krabi,ขาออก,Departure,ผลผลิตเกษตรอื่นๆ,Other agricultural crops,ผลผลิตเกษตรกรรม,Agricultural Products,"489,664.47"
2567,2024,กระบี่,Krabi,ขาออก,Departure,ซีเมนต์,Cement,วัสดุก่อสร้างและแร่ธาตุ,Construction Materials & Minerals,"1,012,910.00"
2567,2024,กระบี่,Krabi,ขาออก,Departure,แร่ธาตุอื่นๆ,Other minerals,วัสดุก่อสร้างและแร่ธาตุ,Construction Materials & Minerals,"657,000.00"
2567,2024,กรุงเทพมหานคร,Bangkok,ขาเข้า,Arrival,ข้าว,Rice,ผลผลิตเกษตรกรรม,Agricultural Products,"12,200.00"
2567,2024,กรุงเทพมหานคร,Bangkok,ขาเข้า,Arrival,เครื่องบริโภคอื่นๆ,Other food products,ปศุสัตว์และอาหาร,Livestock & Food Products,"215,494.93"
2567,2024,กรุงเทพมหานคร,Bangkok,ขาเข้า,Arrival,ผลิตภัณฑ์ปิโตรเลียม,Petroleum products,พลังงานและเชื้อเพลิง,Energy & Fuel,"344,971.45"
2567,2024,กรุงเทพมหานคร,Bangkok,ขาเข้า,Arrival,โลหะภัณฑ์,Metal products,โลหะภัณฑ์และเครื่องมือ,Metal Products & Tools/Equipment,"1,035,691.07"
2567,2024,กรุงเทพมหานคร,Bangkok,ขาเข้า,Arrival,วัสดุก่อสร้าง,Construction materials,วัสดุก่อสร้างและแร่ธาตุ,Construction Materials & Minerals,"19,800.00"
2567,2024,กรุงเทพมหานคร,Bangkok,ขาเข้า,Arrival,เคมีภัณฑ์,Chemical products,เคมีภัณฑ์และปุ๋ย,Chemicals & Fertilizers,"62,144.75"
2567,2024,กรุงเทพมหานคร,Bangkok,ขาเข้า,Arrival,เครื่องมือ/อุปกรณ์,Tools and equipment,โลหะภัณฑ์และเครื่องมือ,Metal Products & Tools/Equipment,"1,417.00"
2567,2024,กรุงเทพมหานคร,Bangkok,ขาเข้า,Arrival,สินค้าเบ็ดเตล็ด,Miscellaneous goods,คอนเทนเนอร์และสินค้าเบ็ดเตล็ด,Containers & Miscellaneous Goods,"884,585.35"
2567,2024,กรุงเทพมหานคร,Bangkok,ขาเข้า,Arrival,คอนเทนเนอร์,Containers,คอนเทนเนอร์และสินค้าเบ็ดเตล็ด,Containers & Miscellaneous Goods,"7,025,067.96"
2567,2024,กรุงเทพมหานคร,Bangkok,ขาออก,Departure,ข้าว,Rice,ผลผลิตเกษตรกรรม,Agricultural Products,"312,698.35"
2567,2024,กรุงเทพมหานคร,Bangkok,ขาออก,Departure,มันสำปะหลัง,Cassava,ผลผลิตเกษตรกรรม,Agricultural Products,"5,000.00"
2567,2024,กรุงเทพมหานคร,Bangkok,ขาออก,Departure,น้ำตาล,Sugar,ผลผลิตเกษตรกรรม,Agricultural Products,"235,041.20"
2567,2024,กรุงเทพมหานคร,Bangkok,ขาออก,Departure,เครื่องบริโภคอื่นๆ,Other food products,ปศุสัตว์และอาหาร,Livestock & Food Products,"11,850.09"
2567,2024,กรุงเทพมหานคร,Bangkok,ขาออก,Departure,ผลิตภัณฑ์ปิโตรเลียม,Petroleum products,พลังงานและเชื้อเพลิง,Energy & Fuel,"415,612.69"
2567,2024,กรุงเทพมหานคร,Bangkok,ขาออก,Departure,โลหะภัณฑ์,Metal products,โลหะภัณฑ์และเครื่องมือ,Metal Products & Tools/Equipment,"30,443.02"
2567,2024,กรุงเทพมหานคร,Bangkok,ขาออก,Departure,ซีเมนต์,Cement,วัสดุก่อสร้างและแร่ธาตุ,Construction Materials & Minerals,"13,945.26"
2567,2024,กรุงเทพมหานคร,Bangkok,ขาออก,Departure,แร่ธาตุอื่นๆ,Other minerals,วัสดุก่อสร้างและแร่ธาตุ,Construction Materials & Minerals,"243,550.00"
2567,2024,กรุงเทพมหานคร,Bangkok,ขาออก,Departure,วัสดุก่อสร้าง,Construction materials,วัสดุก่อสร้างและแร่ธาตุ,Construction Materials & Minerals,"32,750.00"
2567,2024,กรุงเทพมหานคร,Bangkok,ขาออก,Departure,เคมีภัณฑ์,Chemical products,เคมีภัณฑ์และปุ๋ย,Chemicals & Fertilizers,"24,437.70"
2567,2024,กรุงเทพมหานคร,Bangkok,ขาออก,Departure,เครื่องมือ/อุปกรณ์,Tools and equipment,โลหะภัณฑ์และเครื่องมือ,Metal Products & Tools/Equipment,"12,000.00"
2567,2024,กรุงเทพมหานคร,Bangkok,ขาออก,Departure,สินค้าเบ็ดเตล็ด,Miscellaneous goods,คอนเทนเนอร์และสินค้าเบ็ดเตล็ด,Containers & Miscellaneous Goods,"866,834.04"
2567,2024,กรุงเทพมหานคร,Bangkok,ขาออก,Departure,คอนเทนเนอร์,Containers,คอนเทนเนอร์และสินค้าเบ็ดเตล็ด,Containers & Miscellaneous Goods,"6,866,284.51"
2567,2024,เขตเศรษฐกิจจำเพาะ,Exclusive Economic Zone,ขาเข้า,Arrival,ผลิตภัณฑ์ปิโตรเลียม,Petroleum products,พลังงานและเชื้อเพลิง,Energy & Fuel,"196,193.86"
2567,2024,เขตเศรษฐกิจจำเพาะ,Exclusive Economic Zone,ขาออก,Departure,ผลิตภัณฑ์ปิโตรเลียม,Petroleum products,พลังงานและเชื้อเพลิง,Energy & Fuel,"3,731,018.43"
2567,2024,เขตเศรษฐกิจจำเพาะ,Exclusive Economic Zone,ขาออก,Departure,เครื่องมือ/อุปกรณ์,Tools and equipment,โลหะภัณฑ์และเครื่องมือ,Metal Products & Tools/Equipment,81.86
2567,2024,เขตเศรษฐกิจจำเพาะ,Exclusive Economic Zone,ขาออก,Departure,สินค้าเบ็ดเตล็ด,Miscellaneous goods,คอนเทนเนอร์และสินค้าเบ็ดเตล็ด,Containers & Miscellaneous Goods,"27,559.86"
2567,2024,ฉะเชิงเทรา,Chachoengsao,ขาเข้า,Arrival,ผลผลิตเกษตรอื่นๆ,Other agricultural crops,ผลผลิตเกษตรกรรม,Agricultural Products,"14,771.06"
2567,2024,ฉะเชิงเทรา,Chachoengsao,ขาเข้า,Arrival,ผลิตภัณฑ์ปิโตรเลียม,Petroleum products,พลังงานและเชื้อเพลิง,Energy & Fuel,"16,503.00"
2567,2024,ฉะเชิงเทรา,Chachoengsao,ขาเข้า,Arrival,แร่ธาตุอื่นๆ,Other minerals,วัสดุก่อสร้างและแร่ธาตุ,Construction Materials & Minerals,"2,500.00"
2567,2024,ฉะเชิงเทรา,Chachoengsao,ขาเข้า,Arrival,เคมีภัณฑ์,Chemical products,เคมีภัณฑ์และปุ๋ย,Chemicals & Fertilizers,"18,915.00"
2567,2024,ฉะเชิงเทรา,Chachoengsao,ขาออก,Departure,ผลผลิตเกษตรอื่นๆ,Other agricultural crops,ผลผลิตเกษตรกรรม,Agricultural Products,"6,299.89"
2567,2024,ฉะเชิงเทรา,Chachoengsao,ขาออก,Departure,โลหะภัณฑ์,Metal products,โลหะภัณฑ์และเครื่องมือ,Metal Products & Tools/Equipment,138.00
2567,2024,ฉะเชิงเทรา,Chachoengsao,ขาออก,Departure,แร่ธาตุอื่นๆ,Other minerals,วัสดุก่อสร้างและแร่ธาตุ,Construction Materials & Minerals,"20,000.00"
2567,2024,ฉะเชิงเทรา,Chachoengsao,ขาออก,Departure,วัสดุก่อสร้าง,Construction materials,วัสดุก่อสร้างและแร่ธาตุ,Construction Materials & Minerals,"414,300.00"
2567,2024,ฉะเชิงเทรา,Chachoengsao,ขาออก,Departure,เครื่องมือ/อุปกรณ์,Tools and equipment,โลหะภัณฑ์และเครื่องมือ,Metal Products & Tools/Equipment,"11,219.00"
2567,2024,ฉะเชิงเทรา,Chachoengsao,ขาออก,Departure,สินค้าเบ็ดเตล็ด,Miscellaneous goods,คอนเทนเนอร์และสินค้าเบ็ดเตล็ด,Containers & Miscellaneous Goods,"14,667.00"
2567,2024,ชลบุรี,Chon Buri,ขาเข้า,Arrival,ข้าว,Rice,ผลผลิตเกษตรกรรม,Agricultural Products,"615,266.02"
2567,2024,ชลบุรี,Chon Buri,ขาเข้า,Arrival,ข้าวโพด,Maize,ผลผลิตเกษตรกรรม,Agricultural Products,"660,529.00"
2567,2024,ชลบุรี,Chon Buri,ขาเข้า,Arrival,ไม้,Wood,วัสดุก่อสร้างและแร่ธาตุ,Construction Materials & Minerals,"873,317.53"
2567,2024,ชลบุรี,Chon Buri,ขาเข้า,Arrival,ผลผลิตเกษตรอื่นๆ,Other agricultural crops,ผลผลิตเกษตรกรรม,Agricultural Products,"10,154,680.95"
2567,2024,ชลบุรี,Chon Buri,ขาเข้า,Arrival,อาหารสัตว์,Animal feed,ปศุสัตว์และอาหาร,Livestock & Food Products,"182,473.66"
2567,2024,ชลบุรี,Chon Buri,ขาเข้า,Arrival,น้ำตาล,Sugar,ผลผลิตเกษตรกรรม,Agricultural Products,"334,493.61"
2567,2024,ชลบุรี,Chon Buri,ขาเข้า,Arrival,เครื่องบริโภคอื่นๆ,Other food products,ปศุสัตว์และอาหาร,Livestock & Food Products,"108,351.00"
2567,2024,ชลบุรี,Chon Buri,ขาเข้า,Arrival,แร่เชื้อเพลิง,Mineral fuels,พลังงานและเชื้อเพลิง,Energy & Fuel,"11,553,913.42"
2567,2024,ชลบุรี,Chon Buri,ขาเข้า,Arrival,ผลิตภัณฑ์ปิโตรเลียม,Petroleum products,พลังงานและเชื้อเพลิง,Energy & Fuel,"24,498,016.12"
2567,2024,ชลบุรี,Chon Buri,ขาเข้า,Arrival,โลหะภัณฑ์,Metal products,โลหะภัณฑ์และเครื่องมือ,Metal Products & Tools/Equipment,"5,879,738.74"
2567,2024,ชลบุรี,Chon Buri,ขาเข้า,Arrival,แร่ธาตุอื่นๆ,Other minerals,วัสดุก่อสร้างและแร่ธาตุ,Construction Materials & Minerals,"921,789.07"
2567,2024,ชลบุรี,Chon Buri,ขาเข้า,Arrival,วัสดุก่อสร้าง,Construction materials,วัสดุก่อสร้างและแร่ธาตุ,Construction Materials & Minerals,"2,229.00"
2567,2024,ชลบุรี,Chon Buri,ขาเข้า,Arrival,ปุ๋ย,Fertilizer,เคมีภัณฑ์และปุ๋ย,Chemicals & Fertilizers,"5,012,105.06"
2567,2024,ชลบุรี,Chon Buri,ขาเข้า,Arrival,เคมีภัณฑ์,Chemical products,เคมีภัณฑ์และปุ๋ย,Chemicals & Fertilizers,"2,422,741.54"
2567,2024,ชลบุรี,Chon Buri,ขาเข้า,Arrival,เครื่องมือ/อุปกรณ์,Tools and equipment,โลหะภัณฑ์และเครื่องมือ,Metal Products & Tools/Equipment,"1,109,725.15"
2567,2024,ชลบุรี,Chon Buri,ขาเข้า,Arrival,สินค้าเบ็ดเตล็ด,Miscellaneous goods,คอนเทนเนอร์และสินค้าเบ็ดเตล็ด,Containers & Miscellaneous Goods,"1,018,232.63"
2567,2024,ชลบุรี,Chon Buri,ขาเข้า,Arrival,คอนเทนเนอร์,Containers,คอนเทนเนอร์และสินค้าเบ็ดเตล็ด,Containers & Miscellaneous Goods,"54,875,016.20"
2567,2024,ชลบุรี,Chon Buri,ขาออก,Departure,ข้าว,Rice,ผลผลิตเกษตรกรรม,Agricultural Products,"6,025,220.23"
2567,2024,ชลบุรี,Chon Buri,ขาออก,Departure,มันสำปะหลัง,Cassava,ผลผลิตเกษตรกรรม,Agricultural Products,"2,088,700.06"
2567,2024,ชลบุรี,Chon Buri,ขาออก,Departure,ไม้,Wood,วัสดุก่อสร้างและแร่ธาตุ,Construction Materials & Minerals,"5,593,281.17"
2567,2024,ชลบุรี,Chon Buri,ขาออก,Departure,ผลผลิตเกษตรอื่นๆ,Other agricultural crops,ผลผลิตเกษตรกรรม,Agricultural Products,"609,972.23"
2567,2024,ชลบุรี,Chon Buri,ขาออก,Departure,อาหารสัตว์,Animal feed,ปศุสัตว์และอาหาร,Livestock & Food Products,"33,989.38"
2567,2024,ชลบุรี,Chon Buri,ขาออก,Departure,น้ำตาล,Sugar,ผลผลิตเกษตรกรรม,Agricultural Products,"2,062,000.90"
2567,2024,ชลบุรี,Chon Buri,ขาออก,Departure,แร่เชื้อเพลิง,Mineral fuels,พลังงานและเชื้อเพลิง,Energy & Fuel,"187,049.00"
2567,2024,ชลบุรี,Chon Buri,ขาออก,Departure,ผลิตภัณฑ์ปิโตรเลียม,Petroleum products,พลังงานและเชื้อเพลิง,Energy & Fuel,"8,072,464.45"
2567,2024,ชลบุรี,Chon Buri,ขาออก,Departure,เศษโลหะและแร่,Scrap metals and minerals,วัสดุก่อสร้างและแร่ธาตุ,Construction Materials & Minerals,"44,800.00"
2567,2024,ชลบุรี,Chon Buri,ขาออก,Departure,โลหะภัณฑ์,Metal products,โลหะภัณฑ์และเครื่องมือ,Metal Products & Tools/Equipment,"1,610,542.73"
2567,2024,ชลบุรี,Chon Buri,ขาออก,Departure,ซีเมนต์,Cement,วัสดุก่อสร้างและแร่ธาตุ,Construction Materials & Minerals,"2,944,890.73"
2567,2024,ชลบุรี,Chon Buri,ขาออก,Departure,แร่ธาตุอื่นๆ,Other minerals,วัสดุก่อสร้างและแร่ธาตุ,Construction Materials & Minerals,"1,153,452.50"
2567,2024,ชลบุรี,Chon Buri,ขาออก,Departure,วัสดุก่อสร้าง,Construction materials,วัสดุก่อสร้างและแร่ธาตุ,Construction Materials & Minerals,"123,951.46"
2567,2024,ชลบุรี,Chon Buri,ขาออก,Departure,ปุ๋ย,Fertilizer,เคมีภัณฑ์และปุ๋ย,Chemicals & Fertilizers,"1,154,192.75"
2567,2024,ชลบุรี,Chon Buri,ขาออก,Departure,เคมีภัณฑ์,Chemical products,เคมีภัณฑ์และปุ๋ย,Chemicals & Fertilizers,"1,123,217.70"
2567,2024,ชลบุรี,Chon Buri,ขาออก,Departure,เครื่องมือ/อุปกรณ์,Tools and equipment,โลหะภัณฑ์และเครื่องมือ,Metal Products & Tools/Equipment,"1,502,892.40"
2567,2024,ชลบุรี,Chon Buri,ขาออก,Departure,สินค้าเบ็ดเตล็ด,Miscellaneous goods,คอนเทนเนอร์และสินค้าเบ็ดเตล็ด,Containers & Miscellaneous Goods,"12,741,021.55"
2567,2024,ชลบุรี,Chon Buri,ขาออก,Departure,คอนเทนเนอร์,Containers,คอนเทนเนอร์และสินค้าเบ็ดเตล็ด,Containers & Miscellaneous Goods,"54,011,154.54"
2567,2024,ตรัง,Trang,ขาเข้า,Arrival,ข้าวโพด,Maize,ผลผลิตเกษตรกรรม,Agricultural Products,"113,028.00"
2567,2024,ตรัง,Trang,ขาเข้า,Arrival,แร่เชื้อเพลิง,Mineral fuels,พลังงานและเชื้อเพลิง,Energy & Fuel,"17,564.35"
2567,2024,ตรัง,Trang,ขาเข้า,Arrival,สินค้าเบ็ดเตล็ด,Miscellaneous goods,คอนเทนเนอร์และสินค้าเบ็ดเตล็ด,Containers & Miscellaneous Goods,"23,656.00"
2567,2024,ตรัง,Trang,ขาเข้า,Arrival,คอนเทนเนอร์,Containers,คอนเทนเนอร์และสินค้าเบ็ดเตล็ด,Containers & Miscellaneous Goods,"29,494.43"
2567,2024,ตรัง,Trang,ขาออก,Departure,ซีเมนต์,Cement,วัสดุก่อสร้างและแร่ธาตุ,Construction Materials & Minerals,"719,500.00"
2567,2024,ตรัง,Trang,ขาออก,Departure,แร่ธาตุอื่นๆ,Other minerals,วัสดุก่อสร้างและแร่ธาตุ,Construction Materials & Minerals,"752,000.00"
2567,2024,ตรัง,Trang,ขาออก,Departure,สินค้าเบ็ดเตล็ด,Miscellaneous goods,คอนเทนเนอร์และสินค้าเบ็ดเตล็ด,Containers & Miscellaneous Goods,"4,113.51"
2567,2024,ตรัง,Trang,ขาออก,Departure,คอนเทนเนอร์,Containers,คอนเทนเนอร์และสินค้าเบ็ดเตล็ด,Containers & Miscellaneous Goods,"410,895.93"
2567,2024,ตราด,Trat,ขาเข้า,Arrival,ไม้,Wood,วัสดุก่อสร้างและแร่ธาตุ,Construction Materials & Minerals,501.78
2567,2024,ตราด,Trat,ขาเข้า,Arrival,อาหารสัตว์,Animal feed,ปศุสัตว์และอาหาร,Livestock & Food Products,3.50
2567,2024,ตราด,Trat,ขาเข้า,Arrival,เครื่องบริโภคอื่นๆ,Other food products,ปศุสัตว์และอาหาร,Livestock & Food Products,123.40
2567,2024,ตราด,Trat,ขาเข้า,Arrival,สินค้าเบ็ดเตล็ด,Miscellaneous goods,คอนเทนเนอร์และสินค้าเบ็ดเตล็ด,Containers & Miscellaneous Goods,6.40
2567,2024,ตราด,Trat,ขาออก,Departure,น้ำตาล,Sugar,ผลผลิตเกษตรกรรม,Agricultural Products,260.97
2567,2024,ตราด,Trat,ขาออก,Departure,เครื่องบริโภคอื่นๆ,Other food products,ปศุสัตว์และอาหาร,Livestock & Food Products,1.00
2567,2024,ตราด,Trat,ขาออก,Departure,สินค้าเบ็ดเตล็ด,Miscellaneous goods,คอนเทนเนอร์และสินค้าเบ็ดเตล็ด,Containers & Miscellaneous Goods,"5,577.11"
2567,2024,ตราด,Trat,ขาออก,Departure,คอนเทนเนอร์,Containers,คอนเทนเนอร์และสินค้าเบ็ดเตล็ด,Containers & Miscellaneous Goods,6.91
2567,2024,นครศรีธรรมราช,Nakhon Si Thammarat,ขาออก,Departure,ผลิตภัณฑ์ปิโตรเลียม,Petroleum products,พลังงานและเชื้อเพลิง,Energy & Fuel,"18,000.00"
2567,2024,นครศรีธรรมราช,Nakhon Si Thammarat,ขาออก,Departure,แร่ธาตุอื่นๆ,Other minerals,วัสดุก่อสร้างและแร่ธาตุ,Construction Materials & Minerals,"1,526,830.00"
2567,2024,นราธิวาส,Narathiwat,ขาเข้า,Arrival,แร่ธาตุอื่นๆ,Other minerals,วัสดุก่อสร้างและแร่ธาตุ,Construction Materials & Minerals,"90,800.00"
2567,2024,นราธิวาส,Narathiwat,ขาออก,Departure,แร่ธาตุอื่นๆ,Other minerals,วัสดุก่อสร้างและแร่ธาตุ,Construction Materials & Minerals,"171,100.00"
2567,2024,ประจวบคีรีขันธ์,Prachuapkhiri Khan,ขาเข้า,Arrival,โลหะภัณฑ์,Metal products,โลหะภัณฑ์และเครื่องมือ,Metal Products & Tools/Equipment,"1,473,155.34"
2567,2024,ประจวบคีรีขันธ์,Prachuapkhiri Khan,ขาเข้า,Arrival,ดิน หิน ทราย,Stones Soil Sand,วัสดุก่อสร้างและแร่ธาตุ,Construction Materials & Minerals,"51,082.60"
2567,2024,ประจวบคีรีขันธ์,Prachuapkhiri Khan,ขาเข้า,Arrival,สินค้าเบ็ดเตล็ด,Miscellaneous goods,คอนเทนเนอร์และสินค้าเบ็ดเตล็ด,Containers & Miscellaneous Goods,"45,650.35"
2567,2024,ประจวบคีรีขันธ์,Prachuapkhiri Khan,ขาออก,Departure,ผลผลิตเกษตรอื่นๆ,Other agricultural crops,ผลผลิตเกษตรกรรม,Agricultural Products,"16,000.00"
2567,2024,ประจวบคีรีขันธ์,Prachuapkhiri Khan,ขาออก,Departure,เศษโลหะและแร่,Scrap metals and minerals,วัสดุก่อสร้างและแร่ธาตุ,Construction Materials & Minerals,"10,000.00"
2567,2024,ประจวบคีรีขันธ์,Prachuapkhiri Khan,ขาออก,Departure,โลหะภัณฑ์,Metal products,โลหะภัณฑ์และเครื่องมือ,Metal Products & Tools/Equipment,"50,468.89"
2567,2024,ประจวบคีรีขันธ์,Prachuapkhiri Khan,ขาออก,Departure,ดิน หิน ทราย,Stones Soil Sand,วัสดุก่อสร้างและแร่ธาตุ,Construction Materials & Minerals,"5,804.40"
2567,2024,ประจวบคีรีขันธ์,Prachuapkhiri Khan,ขาออก,Departure,แร่ธาตุอื่นๆ,Other minerals,วัสดุก่อสร้างและแร่ธาตุ,Construction Materials & Minerals,"16,979.00"
2567,2024,ประจวบคีรีขันธ์,Prachuapkhiri Khan,ขาออก,Departure,เคมีภัณฑ์,Chemical products,เคมีภัณฑ์และปุ๋ย,Chemicals & Fertilizers,"10,600.00"
2567,2024,ประจวบคีรีขันธ์,Prachuapkhiri Khan,ขาออก,Departure,สินค้าเบ็ดเตล็ด,Miscellaneous goods,คอนเทนเนอร์และสินค้าเบ็ดเตล็ด,Containers & Miscellaneous Goods,"163,346.07"
2567,2024,เพชรบุรี,Phetchaburi,ขาเข้า,Arrival,ผลิตภัณฑ์ปิโตรเลียม,Petroleum products,พลังงานและเชื้อเพลิง,Energy & Fuel,"3,006,563.42"
2567,2024,เพชรบุรี,Phetchaburi,ขาออก,Departure,ผลิตภัณฑ์ปิโตรเลียม,Petroleum products,พลังงานและเชื้อเพลิง,Energy & Fuel,"62,734.00"
2567,2024,เพชรบุรี,Phetchaburi,ขาออก,Departure,สินค้าเบ็ดเตล็ด,Miscellaneous goods,คอนเทนเนอร์และสินค้าเบ็ดเตล็ด,Containers & Miscellaneous Goods,"35,000.00"
2567,2024,ภูเก็ต,Phuket,ขาเข้า,Arrival,ยางพารา,Rubber,ผลผลิตเกษตรกรรม,Agricultural Products,"338,392.00"
2567,2024,ภูเก็ต,Phuket,ขาเข้า,Arrival,ไม้,Wood,วัสดุก่อสร้างและแร่ธาตุ,Construction Materials & Minerals,"19,289.84"
2567,2024,ภูเก็ต,Phuket,ขาเข้า,Arrival,ผลผลิตเกษตรอื่นๆ,Other agricultural crops,ผลผลิตเกษตรกรรม,Agricultural Products,"66,385.70"
2567,2024,ภูเก็ต,Phuket,ขาเข้า,Arrival,แร่เชื้อเพลิง,Mineral fuels,พลังงานและเชื้อเพลิง,Energy & Fuel,"4,400.00"
2567,2024,ภูเก็ต,Phuket,ขาเข้า,Arrival,ผลิตภัณฑ์ปิโตรเลียม,Petroleum products,พลังงานและเชื้อเพลิง,Energy & Fuel,"206,589.00"
2567,2024,ภูเก็ต,Phuket,ขาเข้า,Arrival,เศษโลหะและแร่,Scrap metals and minerals,วัสดุก่อสร้างและแร่ธาตุ,Construction Materials & Minerals,"8,300.00"
2567,2024,ภูเก็ต,Phuket,ขาเข้า,Arrival,โลหะภัณฑ์,Metal products,โลหะภัณฑ์และเครื่องมือ,Metal Products & Tools/Equipment,"62,889.74"
2567,2024,ภูเก็ต,Phuket,ขาเข้า,Arrival,เคมีภัณฑ์,Chemical products,เคมีภัณฑ์และปุ๋ย,Chemicals & Fertilizers,"30,567.90"
2567,2024,ภูเก็ต,Phuket,ขาเข้า,Arrival,สินค้าเบ็ดเตล็ด,Miscellaneous goods,คอนเทนเนอร์และสินค้าเบ็ดเตล็ด,Containers & Miscellaneous Goods,"34,001.50"
2567,2024,ภูเก็ต,Phuket,ขาเข้า,Arrival,คอนเทนเนอร์,Containers,คอนเทนเนอร์และสินค้าเบ็ดเตล็ด,Containers & Miscellaneous Goods,"12,000.00"
2567,2024,ภูเก็ต,Phuket,ขาออก,Departure,ยางพารา,Rubber,ผลผลิตเกษตรกรรม,Agricultural Products,"353,392.00"
2567,2024,ภูเก็ต,Phuket,ขาออก,Departure,ไม้,Wood,วัสดุก่อสร้างและแร่ธาตุ,Construction Materials & Minerals,"555,315.55"
2567,2024,ภูเก็ต,Phuket,ขาออก,Departure,ผลผลิตเกษตรอื่นๆ,Other agricultural crops,ผลผลิตเกษตรกรรม,Agricultural Products,"415,602.01"
2567,2024,ภูเก็ต,Phuket,ขาออก,Departure,ผลิตภัณฑ์ปิโตรเลียม,Petroleum products,พลังงานและเชื้อเพลิง,Energy & Fuel,"232,802.00"
2567,2024,ภูเก็ต,Phuket,ขาออก,Departure,เศษโลหะและแร่,Scrap metals and minerals,วัสดุก่อสร้างและแร่ธาตุ,Construction Materials & Minerals,"8,300.00"
2567,2024,ภูเก็ต,Phuket,ขาออก,Departure,โลหะภัณฑ์,Metal products,โลหะภัณฑ์และเครื่องมือ,Metal Products & Tools/Equipment,"62,889.74"
2567,2024,ภูเก็ต,Phuket,ขาออก,Departure,เคมีภัณฑ์,Chemical products,เคมีภัณฑ์และปุ๋ย,Chemicals & Fertilizers,"30,567.90"
2567,2024,ภูเก็ต,Phuket,ขาออก,Departure,สินค้าเบ็ดเตล็ด,Miscellaneous goods,คอนเทนเนอร์และสินค้าเบ็ดเตล็ด,Containers & Miscellaneous Goods,"37,208.17"
2567,2024,ภูเก็ต,Phuket,ขาออก,Departure,คอนเทนเนอร์,Containers,คอนเทนเนอร์และสินค้าเบ็ดเตล็ด,Containers & Miscellaneous Goods,"12,000.00"
2567,2024,ระนอง,Ranong,ขาเข้า,Arrival,ข้าวโพด,Maize,ผลผลิตเกษตรกรรม,Agricultural Products,"290,524.76"
2567,2024,ระนอง,Ranong,ขาเข้า,Arrival,ผลผลิตเกษตรอื่นๆ,Other agricultural crops,ผลผลิตเกษตรกรรม,Agricultural Products,"1,293.80"
2567,2024,ระนอง,Ranong,ขาเข้า,Arrival,อาหารสัตว์,Animal feed,ปศุสัตว์และอาหาร,Livestock & Food Products,"25,482.42"
2567,2024,ระนอง,Ranong,ขาเข้า,Arrival,เครื่องบริโภคอื่นๆ,Other food products,ปศุสัตว์และอาหาร,Livestock & Food Products,"222,650.18"
2567,2024,ระนอง,Ranong,ขาเข้า,Arrival,เศษโลหะและแร่,Scrap metals and minerals,วัสดุก่อสร้างและแร่ธาตุ,Construction Materials & Minerals,"8,246.08"
2567,2024,ระนอง,Ranong,ขาเข้า,Arrival,เคมีภัณฑ์,Chemical products,เคมีภัณฑ์และปุ๋ย,Chemicals & Fertilizers,"3,070.30"
2567,2024,ระนอง,Ranong,ขาเข้า,Arrival,สินค้าเบ็ดเตล็ด,Miscellaneous goods,คอนเทนเนอร์และสินค้าเบ็ดเตล็ด,Containers & Miscellaneous Goods,"1,189.59"
2567,2024,ระนอง,Ranong,ขาเข้า,Arrival,คอนเทนเนอร์,Containers,คอนเทนเนอร์และสินค้าเบ็ดเตล็ด,Containers & Miscellaneous Goods,"9,756.10"
2567,2024,ระนอง,Ranong,ขาออก,Departure,อาหารสัตว์,Animal feed,ปศุสัตว์และอาหาร,Livestock & Food Products,"3,254.00"
2567,2024,ระนอง,Ranong,ขาออก,Departure,เครื่องบริโภคอื่นๆ,Other food products,ปศุสัตว์และอาหาร,Livestock & Food Products,"73,290.25"
2567,2024,ระนอง,Ranong,ขาออก,Departure,ผลิตภัณฑ์ปิโตรเลียม,Petroleum products,พลังงานและเชื้อเพลิง,Energy & Fuel,"3,779.00"
2567,2024,ระนอง,Ranong,ขาออก,Departure,ปุ๋ย,Fertilizer,เคมีภัณฑ์และปุ๋ย,Chemicals & Fertilizers,"15,000.00"
2567,2024,ระนอง,Ranong,ขาออก,Departure,เครื่องมือ/อุปกรณ์,Tools and equipment,โลหะภัณฑ์และเครื่องมือ,Metal Products & Tools/Equipment,"2,042.98"
2567,2024,ระนอง,Ranong,ขาออก,Departure,สินค้าเบ็ดเตล็ด,Miscellaneous goods,คอนเทนเนอร์และสินค้าเบ็ดเตล็ด,Containers & Miscellaneous Goods,"339,781.29"
2567,2024,ระนอง,Ranong,ขาออก,Departure,คอนเทนเนอร์,Containers,คอนเทนเนอร์และสินค้าเบ็ดเตล็ด,Containers & Miscellaneous Goods,"29,797.46"
2567,2024,ระยอง,Rayong,ขาเข้า,Arrival,ผลผลิตเกษตรอื่นๆ,Other agricultural crops,ผลผลิตเกษตรกรรม,Agricultural Products,"91,123.95"
2567,2024,ระยอง,Rayong,ขาเข้า,Arrival,แร่เชื้อเพลิง,Mineral fuels,พลังงานและเชื้อเพลิง,Energy & Fuel,"6,623,965.00"
2567,2024,ระยอง,Rayong,ขาเข้า,Arrival,ผลิตภัณฑ์ปิโตรเลียม,Petroleum products,พลังงานและเชื้อเพลิง,Energy & Fuel,"43,195,872.95"
2567,2024,ระยอง,Rayong,ขาเข้า,Arrival,เศษโลหะและแร่,Scrap metals and minerals,วัสดุก่อสร้างและแร่ธาตุ,Construction Materials & Minerals,"27,353.33"
2567,2024,ระยอง,Rayong,ขาเข้า,Arrival,โลหะภัณฑ์,Metal products,โลหะภัณฑ์และเครื่องมือ,Metal Products & Tools/Equipment,"1,892,274.48"
2567,2024,ระยอง,Rayong,ขาเข้า,Arrival,แร่ธาตุอื่นๆ,Other minerals,วัสดุก่อสร้างและแร่ธาตุ,Construction Materials & Minerals,"54,420.00"
2567,2024,ระยอง,Rayong,ขาเข้า,Arrival,ปุ๋ย,Fertilizer,เคมีภัณฑ์และปุ๋ย,Chemicals & Fertilizers,"28,652.00"
2567,2024,ระยอง,Rayong,ขาเข้า,Arrival,เคมีภัณฑ์,Chemical products,เคมีภัณฑ์และปุ๋ย,Chemicals & Fertilizers,"4,053,008.48"
2567,2024,ระยอง,Rayong,ขาเข้า,Arrival,สินค้าเบ็ดเตล็ด,Miscellaneous goods,คอนเทนเนอร์และสินค้าเบ็ดเตล็ด,Containers & Miscellaneous Goods,"72,559.01"
2567,2024,ระยอง,Rayong,ขาออก,Departure,น้ำตาล,Sugar,ผลผลิตเกษตรกรรม,Agricultural Products,"4,400.00"
2567,2024,ระยอง,Rayong,ขาออก,Departure,แร่เชื้อเพลิง,Mineral fuels,พลังงานและเชื้อเพลิง,Energy & Fuel,"55,000.00"
2567,2024,ระยอง,Rayong,ขาออก,Departure,ผลิตภัณฑ์ปิโตรเลียม,Petroleum products,พลังงานและเชื้อเพลิง,Energy & Fuel,"9,964,137.84"
2567,2024,ระยอง,Rayong,ขาออก,Departure,เศษโลหะและแร่,Scrap metals and minerals,วัสดุก่อสร้างและแร่ธาตุ,Construction Materials & Minerals,"59,635.49"
2567,2024,ระยอง,Rayong,ขาออก,Departure,โลหะภัณฑ์,Metal products,โลหะภัณฑ์และเครื่องมือ,Metal Products & Tools/Equipment,"775,955.18"
2567,2024,ระยอง,Rayong,ขาออก,Departure,แร่ธาตุอื่นๆ,Other minerals,วัสดุก่อสร้างและแร่ธาตุ,Construction Materials & Minerals,"12,000.00"
2567,2024,ระยอง,Rayong,ขาออก,Departure,วัสดุก่อสร้าง,Construction materials,วัสดุก่อสร้างและแร่ธาตุ,Construction Materials & Minerals,"315,000.00"
2567,2024,ระยอง,Rayong,ขาออก,Departure,ปุ๋ย,Fertilizer,เคมีภัณฑ์และปุ๋ย,Chemicals & Fertilizers,"25,282.00"
2567,2024,ระยอง,Rayong,ขาออก,Departure,เคมีภัณฑ์,Chemical products,เคมีภัณฑ์และปุ๋ย,Chemicals & Fertilizers,"5,503,008.89"
2567,2024,ระยอง,Rayong,ขาออก,Departure,เครื่องมือ/อุปกรณ์,Tools and equipment,โลหะภัณฑ์และเครื่องมือ,Metal Products & Tools/Equipment,"6,286.35"
2567,2024,ระยอง,Rayong,ขาออก,Departure,สินค้าเบ็ดเตล็ด,Miscellaneous goods,คอนเทนเนอร์และสินค้าเบ็ดเตล็ด,Containers & Miscellaneous Goods,"155,411.62"
2567,2024,ระยอง,Rayong,ขาออก,Departure,คอนเทนเนอร์,Containers,คอนเทนเนอร์และสินค้าเบ็ดเตล็ด,Containers & Miscellaneous Goods,"97,372.09"
2567,2024,สงขลา,Songkhla,ขาเข้า,Arrival,ข้าวโพด,Maize,ผลผลิตเกษตรกรรม,Agricultural Products,"114,140.00"
2567,2024,สงขลา,Songkhla,ขาเข้า,Arrival,ไม้,Wood,วัสดุก่อสร้างและแร่ธาตุ,Construction Materials & Minerals,"36,173.24"
2567,2024,สงขลา,Songkhla,ขาเข้า,Arrival,เครื่องบริโภคอื่นๆ,Other food products,ปศุสัตว์และอาหาร,Livestock & Food Products,"56,635.04"
2567,2024,สงขลา,Songkhla,ขาเข้า,Arrival,ผลิตภัณฑ์ปิโตรเลียม,Petroleum products,พลังงานและเชื้อเพลิง,Energy & Fuel,"80,758.74"
2567,2024,สงขลา,Songkhla,ขาเข้า,Arrival,เคมีภัณฑ์,Chemical products,เคมีภัณฑ์และปุ๋ย,Chemicals & Fertilizers,"52,057.65"
2567,2024,สงขลา,Songkhla,ขาเข้า,Arrival,เครื่องมือ/อุปกรณ์,Tools and equipment,โลหะภัณฑ์และเครื่องมือ,Metal Products & Tools/Equipment,"13,650.00"
2567,2024,สงขลา,Songkhla,ขาเข้า,Arrival,สินค้าเบ็ดเตล็ด,Miscellaneous goods,คอนเทนเนอร์และสินค้าเบ็ดเตล็ด,Containers & Miscellaneous Goods,"352,152.25"
2567,2024,สงขลา,Songkhla,ขาเข้า,Arrival,คอนเทนเนอร์,Containers,คอนเทนเนอร์และสินค้าเบ็ดเตล็ด,Containers & Miscellaneous Goods,"619,500.00"
2567,2024,สงขลา,Songkhla,ขาออก,Departure,ไม้,Wood,วัสดุก่อสร้างและแร่ธาตุ,Construction Materials & Minerals,"524,195.04"
2567,2024,สงขลา,Songkhla,ขาออก,Departure,ผลผลิตเกษตรอื่นๆ,Other agricultural crops,ผลผลิตเกษตรกรรม,Agricultural Products,"1,820.00"
2567,2024,สงขลา,Songkhla,ขาออก,Departure,เครื่องบริโภคอื่นๆ,Other food products,ปศุสัตว์และอาหาร,Livestock & Food Products,"9,211.63"
2567,2024,สงขลา,Songkhla,ขาออก,Departure,ผลิตภัณฑ์ปิโตรเลียม,Petroleum products,พลังงานและเชื้อเพลิง,Energy & Fuel,"84,306.82"
2567,2024,สงขลา,Songkhla,ขาออก,Departure,ดิน หิน ทราย,Stones Soil Sand,วัสดุก่อสร้างและแร่ธาตุ,Construction Materials & Minerals,"5,500.00"
2567,2024,สงขลา,Songkhla,ขาออก,Departure,แร่ธาตุอื่นๆ,Other minerals,วัสดุก่อสร้างและแร่ธาตุ,Construction Materials & Minerals,"58,693.96"
2567,2024,สงขลา,Songkhla,ขาออก,Departure,วัสดุก่อสร้าง,Construction materials,วัสดุก่อสร้างและแร่ธาตุ,Construction Materials & Minerals,"344,900.00"
2567,2024,สงขลา,Songkhla,ขาออก,Departure,เคมีภัณฑ์,Chemical products,เคมีภัณฑ์และปุ๋ย,Chemicals & Fertilizers,"15,346.04"
2567,2024,สงขลา,Songkhla,ขาออก,Departure,เครื่องมือ/อุปกรณ์,Tools and equipment,โลหะภัณฑ์และเครื่องมือ,Metal Products & Tools/Equipment,"6,370.00"
2567,2024,สงขลา,Songkhla,ขาออก,Departure,สินค้าเบ็ดเตล็ด,Miscellaneous goods,คอนเทนเนอร์และสินค้าเบ็ดเตล็ด,Containers & Miscellaneous Goods,"1,182,110.59"
2567,2024,สงขลา,Songkhla,ขาออก,Departure,คอนเทนเนอร์,Containers,คอนเทนเนอร์และสินค้าเบ็ดเตล็ด,Containers & Miscellaneous Goods,"880,022.00"
2567,2024,สตูล,Satun,ขาออก,Departure,วัสดุก่อสร้าง,Construction materials,วัสดุก่อสร้างและแร่ธาตุ,Construction Materials & Minerals,"13,558.65"
2567,2024,สตูล,Satun,ขาออก,Departure,สินค้าเบ็ดเตล็ด,Miscellaneous goods,คอนเทนเนอร์และสินค้าเบ็ดเตล็ด,Containers & Miscellaneous Goods,"1,170.62"
2567,2024,สมุทรปราการ,Samut Prakan,ขาเข้า,Arrival,ไม้,Wood,วัสดุก่อสร้างและแร่ธาตุ,Construction Materials & Minerals,809.98
2567,2024,สมุทรปราการ,Samut Prakan,ขาเข้า,Arrival,ผลผลิตเกษตรอื่นๆ,Other agricultural crops,ผลผลิตเกษตรกรรม,Agricultural Products,"153,207.05"
2567,2024,สมุทรปราการ,Samut Prakan,ขาเข้า,Arrival,เครื่องบริโภคอื่นๆ,Other food products,ปศุสัตว์และอาหาร,Livestock & Food Products,"457,786.90"
2567,2024,สมุทรปราการ,Samut Prakan,ขาเข้า,Arrival,ผลิตภัณฑ์ปิโตรเลียม,Petroleum products,พลังงานและเชื้อเพลิง,Energy & Fuel,"423,827.36"
2567,2024,สมุทรปราการ,Samut Prakan,ขาเข้า,Arrival,โลหะภัณฑ์,Metal products,โลหะภัณฑ์และเครื่องมือ,Metal Products & Tools/Equipment,"6,700.00"
2567,2024,สมุทรปราการ,Samut Prakan,ขาเข้า,Arrival,ดิน หิน ทราย,Stones Soil Sand,วัสดุก่อสร้างและแร่ธาตุ,Construction Materials & Minerals,"25,500.00"
2567,2024,สมุทรปราการ,Samut Prakan,ขาเข้า,Arrival,ปุ๋ย,Fertilizer,เคมีภัณฑ์และปุ๋ย,Chemicals & Fertilizers,"69,948.80"
2567,2024,สมุทรปราการ,Samut Prakan,ขาเข้า,Arrival,เคมีภัณฑ์,Chemical products,เคมีภัณฑ์และปุ๋ย,Chemicals & Fertilizers,"1,324,981.03"
2567,2024,สมุทรปราการ,Samut Prakan,ขาเข้า,Arrival,เครื่องมือ/อุปกรณ์,Tools and equipment,โลหะภัณฑ์และเครื่องมือ,Metal Products & Tools/Equipment,855.05
2567,2024,สมุทรปราการ,Samut Prakan,ขาเข้า,Arrival,สินค้าเบ็ดเตล็ด,Miscellaneous goods,คอนเทนเนอร์และสินค้าเบ็ดเตล็ด,Containers & Miscellaneous Goods,"64,862.56"
2567,2024,สมุทรปราการ,Samut Prakan,ขาเข้า,Arrival,คอนเทนเนอร์,Containers,คอนเทนเนอร์และสินค้าเบ็ดเตล็ด,Containers & Miscellaneous Goods,"1,082,896.31"
2567,2024,สมุทรปราการ,Samut Prakan,ขาออก,Departure,ข้าว,Rice,ผลผลิตเกษตรกรรม,Agricultural Products,"586,037.42"
2567,2024,สมุทรปราการ,Samut Prakan,ขาออก,Departure,ข้าวโพด,Maize,ผลผลิตเกษตรกรรม,Agricultural Products,"13,200.00"
2567,2024,สมุทรปราการ,Samut Prakan,ขาออก,Departure,มันสำปะหลัง,Cassava,ผลผลิตเกษตรกรรม,Agricultural Products,"23,801.05"
2567,2024,สมุทรปราการ,Samut Prakan,ขาออก,Departure,ผลผลิตเกษตรอื่นๆ,Other agricultural crops,ผลผลิตเกษตรกรรม,Agricultural Products,"65,550.00"
2567,2024,สมุทรปราการ,Samut Prakan,ขาออก,Departure,น้ำตาล,Sugar,ผลผลิตเกษตรกรรม,Agricultural Products,"151,200.00"
2567,2024,สมุทรปราการ,Samut Prakan,ขาออก,Departure,เครื่องบริโภคอื่นๆ,Other food products,ปศุสัตว์และอาหาร,Livestock & Food Products,"11,830.83"
2567,2024,สมุทรปราการ,Samut Prakan,ขาออก,Departure,ผลิตภัณฑ์ปิโตรเลียม,Petroleum products,พลังงานและเชื้อเพลิง,Energy & Fuel,"65,782.86"
2567,2024,สมุทรปราการ,Samut Prakan,ขาออก,Departure,ซีเมนต์,Cement,วัสดุก่อสร้างและแร่ธาตุ,Construction Materials & Minerals,"17,100.00"
2567,2024,สมุทรปราการ,Samut Prakan,ขาออก,Departure,แร่ธาตุอื่นๆ,Other minerals,วัสดุก่อสร้างและแร่ธาตุ,Construction Materials & Minerals,"44,986.00"
2567,2024,สมุทรปราการ,Samut Prakan,ขาออก,Departure,วัสดุก่อสร้าง,Construction materials,วัสดุก่อสร้างและแร่ธาตุ,Construction Materials & Minerals,"7,060.92"
2567,2024,สมุทรปราการ,Samut Prakan,ขาออก,Departure,เคมีภัณฑ์,Chemical products,เคมีภัณฑ์และปุ๋ย,Chemicals & Fertilizers,"275,218.40"
2567,2024,สมุทรปราการ,Samut Prakan,ขาออก,Departure,เครื่องมือ/อุปกรณ์,Tools and equipment,โลหะภัณฑ์และเครื่องมือ,Metal Products & Tools/Equipment,"1,715.00"
2567,2024,สมุทรปราการ,Samut Prakan,ขาออก,Departure,สินค้าเบ็ดเตล็ด,Miscellaneous goods,คอนเทนเนอร์และสินค้าเบ็ดเตล็ด,Containers & Miscellaneous Goods,"67,596.95"
2567,2024,สมุทรปราการ,Samut Prakan,ขาออก,Departure,คอนเทนเนอร์,Containers,คอนเทนเนอร์และสินค้าเบ็ดเตล็ด,Containers & Miscellaneous Goods,"2,137,799.59"
2567,2024,สมุทรสาคร,Samut Sakon,ขาเข้า,Arrival,ผลผลิตเกษตรอื่นๆ,Other agricultural crops,ผลผลิตเกษตรกรรม,Agricultural Products,"76,535.01"
2567,2024,สมุทรสาคร,Samut Sakon,ขาเข้า,Arrival,เครื่องบริโภคอื่นๆ,Other food products,ปศุสัตว์และอาหาร,Livestock & Food Products,"26,990.14"
2567,2024,สมุทรสาคร,Samut Sakon,ขาเข้า,Arrival,ดิน หิน ทราย,Stones Soil Sand,วัสดุก่อสร้างและแร่ธาตุ,Construction Materials & Minerals,"8,250.00"
2567,2024,สมุทรสาคร,Samut Sakon,ขาเข้า,Arrival,สินค้าเบ็ดเตล็ด,Miscellaneous goods,คอนเทนเนอร์และสินค้าเบ็ดเตล็ด,Containers & Miscellaneous Goods,"8,350.75"
2567,2024,สมุทรสาคร,Samut Sakon,ขาออก,Departure,ผลิตภัณฑ์ปิโตรเลียม,Petroleum products,พลังงานและเชื้อเพลิง,Energy & Fuel,676.80
2567,2024,สมุทรสาคร,Samut Sakon,ขาออก,Departure,โลหะภัณฑ์,Metal products,โลหะภัณฑ์และเครื่องมือ,Metal Products & Tools/Equipment,"7,965.62"
2567,2024,สุราษฎร์ธานี,Surat Thani,ขาเข้า,Arrival,ผลผลิตเกษตรอื่นๆ,Other agricultural crops,ผลผลิตเกษตรกรรม,Agricultural Products,"21,000.00"
2567,2024,สุราษฎร์ธานี,Surat Thani,ขาเข้า,Arrival,แร่เชื้อเพลิง,Mineral fuels,พลังงานและเชื้อเพลิง,Energy & Fuel,"21,698.17"
2567,2024,สุราษฎร์ธานี,Surat Thani,ขาเข้า,Arrival,ผลิตภัณฑ์ปิโตรเลียม,Petroleum products,พลังงานและเชื้อเพลิง,Energy & Fuel,"33,275.03"
2567,2024,สุราษฎร์ธานี,Surat Thani,ขาเข้า,Arrival,แร่ธาตุอื่นๆ,Other minerals,วัสดุก่อสร้างและแร่ธาตุ,Construction Materials & Minerals,"62,530.00"
2567,2024,สุราษฎร์ธานี,Surat Thani,ขาเข้า,Arrival,เคมีภัณฑ์,Chemical products,เคมีภัณฑ์และปุ๋ย,Chemicals & Fertilizers,"12,595.29"
2567,2024,สุราษฎร์ธานี,Surat Thani,ขาเข้า,Arrival,สินค้าเบ็ดเตล็ด,Miscellaneous goods,คอนเทนเนอร์และสินค้าเบ็ดเตล็ด,Containers & Miscellaneous Goods,"1,568.00"
2567,2024,สุราษฎร์ธานี,Surat Thani,ขาออก,Departure,ไม้,Wood,วัสดุก่อสร้างและแร่ธาตุ,Construction Materials & Minerals,"84,755.00"
2567,2024,สุราษฎร์ธานี,Surat Thani,ขาออก,Departure,ผลผลิตเกษตรอื่นๆ,Other agricultural crops,ผลผลิตเกษตรกรรม,Agricultural Products,"187,850.00"
2567,2024,สุราษฎร์ธานี,Surat Thani,ขาออก,Departure,แร่ธาตุอื่นๆ,Other minerals,วัสดุก่อสร้างและแร่ธาตุ,Construction Materials & Minerals,"4,463,188.00"
2567,2024,สุราษฎร์ธานี,Surat Thani,ขาออก,Departure,สินค้าเบ็ดเตล็ด,Miscellaneous goods,คอนเทนเนอร์และสินค้าเบ็ดเตล็ด,Containers & Miscellaneous Goods,"2,303.76"
2568,2025,กระบี่,Krabi,ขาเข้า,Arrival,ผลผลิตเกษตรอื่นๆ,Other agricultural crops,ผลผลิตเกษตรกรรม,Agricultural Products,"44,958.09"
2568,2025,กระบี่,Krabi,ขาออก,Departure,ซีเมนต์,Cement,วัสดุก่อสร้างและแร่ธาตุ,Construction Materials & Minerals,"738,320.00"
2568,2025,กระบี่,Krabi,ขาออก,Departure,ผลผลิตเกษตรอื่นๆ,Other agricultural crops,ผลผลิตเกษตรกรรม,Agricultural Products,"410,070.83"
2568,2025,กระบี่,Krabi,ขาออก,Departure,แร่ธาตุอื่นๆ,Other minerals,วัสดุก่อสร้างและแร่ธาตุ,Construction Materials & Minerals,"263,875.00"
2568,2025,กรุงเทพมหานคร,Bangkok,ขาเข้า,Arrival,คอนเทนเนอร์,Containers,คอนเทนเนอร์และสินค้าเบ็ดเตล็ด,Containers & Miscellaneous Goods,"7,561,343.10"
2568,2025,กรุงเทพมหานคร,Bangkok,ขาเข้า,Arrival,เคมีภัณฑ์,Chemical products,เคมีภัณฑ์และปุ๋ย,Chemicals & Fertilizers,"6,939.76"
2568,2025,กรุงเทพมหานคร,Bangkok,ขาเข้า,Arrival,เครื่องบริโภคอื่นๆ,Other food products,ปศุสัตว์และอาหาร,Livestock & Food Products,"169,557.49"
2568,2025,กรุงเทพมหานคร,Bangkok,ขาเข้า,Arrival,ผลิตภัณฑ์ปิโตรเลียม,Petroleum products,พลังงานและเชื้อเพลิง,Energy & Fuel,"251,419.55"
2568,2025,กรุงเทพมหานคร,Bangkok,ขาเข้า,Arrival,โลหะภัณฑ์,Metal products,โลหะภัณฑ์และเครื่องมือ,Metal Products & Tools/Equipment,"1,230,041.33"
2568,2025,กรุงเทพมหานคร,Bangkok,ขาเข้า,Arrival,สินค้าเบ็ดเตล็ด,Miscellaneous goods,คอนเทนเนอร์และสินค้าเบ็ดเตล็ด,Containers & Miscellaneous Goods,"66,093.34"
2568,2025,กรุงเทพมหานคร,Bangkok,ขาออก,Departure,ข้าว,Rice,ผลผลิตเกษตรกรรม,Agricultural Products,"138,000.00"
2568,2025,กรุงเทพมหานคร,Bangkok,ขาออก,Departure,คอนเทนเนอร์,Containers,คอนเทนเนอร์และสินค้าเบ็ดเตล็ด,Containers & Miscellaneous Goods,"6,493,854.82"
2568,2025,กรุงเทพมหานคร,Bangkok,ขาออก,Departure,เคมีภัณฑ์,Chemical products,เคมีภัณฑ์และปุ๋ย,Chemicals & Fertilizers,"12,207.77"
2568,2025,กรุงเทพมหานคร,Bangkok,ขาออก,Departure,เครื่องบริโภคอื่นๆ,Other food products,ปศุสัตว์และอาหาร,Livestock & Food Products,"4,494.23"
2568,2025,กรุงเทพมหานคร,Bangkok,ขาออก,Departure,ซีเมนต์,Cement,วัสดุก่อสร้างและแร่ธาตุ,Construction Materials & Minerals,"30,940.00"
2568,2025,กรุงเทพมหานคร,Bangkok,ขาออก,Departure,น้ำตาล,Sugar,ผลผลิตเกษตรกรรม,Agricultural Products,"172,890.00"
2568,2025,กรุงเทพมหานคร,Bangkok,ขาออก,Departure,ปุ๋ย,Fertilizer,เคมีภัณฑ์และปุ๋ย,Chemicals & Fertilizers,"5,040.00"
2568,2025,กรุงเทพมหานคร,Bangkok,ขาออก,Departure,ผลิตภัณฑ์ปิโตรเลียม,Petroleum products,พลังงานและเชื้อเพลิง,Energy & Fuel,"475,232.63"
2568,2025,กรุงเทพมหานคร,Bangkok,ขาออก,Departure,มันสำปะหลัง,Cassava,ผลผลิตเกษตรกรรม,Agricultural Products,"5,000.00"
2568,2025,กรุงเทพมหานคร,Bangkok,ขาออก,Departure,แร่ธาตุอื่นๆ,Other minerals,วัสดุก่อสร้างและแร่ธาตุ,Construction Materials & Minerals,"254,649.64"
2568,2025,กรุงเทพมหานคร,Bangkok,ขาออก,Departure,โลหะภัณฑ์,Metal products,โลหะภัณฑ์และเครื่องมือ,Metal Products & Tools/Equipment,"65,983.91"
2568,2025,กรุงเทพมหานคร,Bangkok,ขาออก,Departure,สินค้าเบ็ดเตล็ด,Miscellaneous goods,คอนเทนเนอร์และสินค้าเบ็ดเตล็ด,Containers & Miscellaneous Goods,460.00
2568,2025,เขตเศรษฐกิจจำเพาะ,Exclusive Economic Zone,ขาเข้า,Arrival,ผลิตภัณฑ์ปิโตรเลียม,Petroleum products,พลังงานและเชื้อเพลิง,Energy & Fuel,"304,748.85"
2568,2025,เขตเศรษฐกิจจำเพาะ,Exclusive Economic Zone,ขาเข้า,Arrival,สินค้าเบ็ดเตล็ด,Miscellaneous goods,คอนเทนเนอร์และสินค้าเบ็ดเตล็ด,Containers & Miscellaneous Goods,"6,246.00"
2568,2025,เขตเศรษฐกิจจำเพาะ,Exclusive Economic Zone,ขาออก,Departure,เคมีภัณฑ์,Chemical products,เคมีภัณฑ์และปุ๋ย,Chemicals & Fertilizers,"40,000.00"
2568,2025,เขตเศรษฐกิจจำเพาะ,Exclusive Economic Zone,ขาออก,Departure,ผลิตภัณฑ์ปิโตรเลียม,Petroleum products,พลังงานและเชื้อเพลิง,Energy & Fuel,"3,028,055.14"
2568,2025,เขตเศรษฐกิจจำเพาะ,Exclusive Economic Zone,ขาออก,Departure,สินค้าเบ็ดเตล็ด,Miscellaneous goods,คอนเทนเนอร์และสินค้าเบ็ดเตล็ด,Containers & Miscellaneous Goods,"6,608.00"
2568,2025,ฉะเชิงเทรา,Chachoengsao,ขาเข้า,Arrival,เคมีภัณฑ์,Chemical products,เคมีภัณฑ์และปุ๋ย,Chemicals & Fertilizers,"22,571.00"
2568,2025,ฉะเชิงเทรา,Chachoengsao,ขาเข้า,Arrival,ผลผลิตเกษตรอื่นๆ,Other agricultural crops,ผลผลิตเกษตรกรรม,Agricultural Products,"7,499.88"
2568,2025,ฉะเชิงเทรา,Chachoengsao,ขาเข้า,Arrival,ผลิตภัณฑ์ปิโตรเลียม,Petroleum products,พลังงานและเชื้อเพลิง,Energy & Fuel,"7,389.09"
2568,2025,ฉะเชิงเทรา,Chachoengsao,ขาเข้า,Arrival,ไม้,Wood,วัสดุก่อสร้างและแร่ธาตุ,Construction Materials & Minerals,"3,269.20"
2568,2025,ฉะเชิงเทรา,Chachoengsao,ขาเข้า,Arrival,แร่ธาตุอื่นๆ,Other minerals,วัสดุก่อสร้างและแร่ธาตุ,Construction Materials & Minerals,"2,670.00"
2568,2025,ฉะเชิงเทรา,Chachoengsao,ขาออก,Departure,เคมีภัณฑ์,Chemical products,เคมีภัณฑ์และปุ๋ย,Chemicals & Fertilizers,825.00
2568,2025,ฉะเชิงเทรา,Chachoengsao,ขาออก,Departure,เครื่องมือ/อุปกรณ์,Tools and equipment,โลหะภัณฑ์และเครื่องมือ,Metal Products & Tools/Equipment,49.00
2568,2025,ฉะเชิงเทรา,Chachoengsao,ขาออก,Departure,ดิน หิน ทราย,Stones Soil Sand,วัสดุก่อสร้างและแร่ธาตุ,Construction Materials & Minerals,"343,000.00"
2568,2025,ฉะเชิงเทรา,Chachoengsao,ขาออก,Departure,ผลิตภัณฑ์ปิโตรเลียม,Petroleum products,พลังงานและเชื้อเพลิง,Energy & Fuel,831.81
2568,2025,ฉะเชิงเทรา,Chachoengsao,ขาออก,Departure,สินค้าเบ็ดเตล็ด,Miscellaneous goods,คอนเทนเนอร์และสินค้าเบ็ดเตล็ด,Containers & Miscellaneous Goods,"18,709.00"
2568,2025,ชลบุรี,Chon Buri,ขาเข้า,Arrival,ข้าว,Rice,ผลผลิตเกษตรกรรม,Agricultural Products,"455,307.50"
2568,2025,ชลบุรี,Chon Buri,ขาเข้า,Arrival,ข้าวโพด,Maize,ผลผลิตเกษตรกรรม,Agricultural Products,"735,106.49"
2568,2025,ชลบุรี,Chon Buri,ขาเข้า,Arrival,คอนเทนเนอร์,Containers,คอนเทนเนอร์และสินค้าเบ็ดเตล็ด,Containers & Miscellaneous Goods,"55,278,841.48"
2568,2025,ชลบุรี,Chon Buri,ขาเข้า,Arrival,เคมีภัณฑ์,Chemical products,เคมีภัณฑ์และปุ๋ย,Chemicals & Fertilizers,"1,163,643.13"
2568,2025,ชลบุรี,Chon Buri,ขาเข้า,Arrival,เครื่องมือ/อุปกรณ์,Tools and equipment,โลหะภัณฑ์และเครื่องมือ,Metal Products & Tools/Equipment,"4,343,220.21"
2568,2025,ชลบุรี,Chon Buri,ขาเข้า,Arrival,น้ำตาล,Sugar,ผลผลิตเกษตรกรรม,Agricultural Products,"195,098.13"
2568,2025,ชลบุรี,Chon Buri,ขาเข้า,Arrival,ปุ๋ย,Fertilizer,เคมีภัณฑ์และปุ๋ย,Chemicals & Fertilizers,"5,539,297.87"
2568,2025,ชลบุรี,Chon Buri,ขาเข้า,Arrival,ผลผลิตเกษตรอื่นๆ,Other agricultural crops,ผลผลิตเกษตรกรรม,Agricultural Products,"5,209,884.71"
2568,2025,ชลบุรี,Chon Buri,ขาเข้า,Arrival,ผลิตภัณฑ์ปิโตรเลียม,Petroleum products,พลังงานและเชื้อเพลิง,Energy & Fuel,"24,068,626.63"
2568,2025,ชลบุรี,Chon Buri,ขาเข้า,Arrival,มันสำปะหลัง,Cassava,ผลผลิตเกษตรกรรม,Agricultural Products,"23,410.00"
2568,2025,ชลบุรี,Chon Buri,ขาเข้า,Arrival,ไม้,Wood,วัสดุก่อสร้างและแร่ธาตุ,Construction Materials & Minerals,"514,934.87"
2568,2025,ชลบุรี,Chon Buri,ขาเข้า,Arrival,แร่เชื้อเพลิง,Mineral fuels,พลังงานและเชื้อเพลิง,Energy & Fuel,"11,579,626.26"
2568,2025,ชลบุรี,Chon Buri,ขาเข้า,Arrival,แร่ธาตุอื่นๆ,Other minerals,วัสดุก่อสร้างและแร่ธาตุ,Construction Materials & Minerals,"843,694.54"
2568,2025,ชลบุรี,Chon Buri,ขาเข้า,Arrival,โลหะภัณฑ์,Metal products,โลหะภัณฑ์และเครื่องมือ,Metal Products & Tools/Equipment,"7,376,527.48"
2568,2025,ชลบุรี,Chon Buri,ขาเข้า,Arrival,วัสดุก่อสร้าง,Construction materials,วัสดุก่อสร้างและแร่ธาตุ,Construction Materials & Minerals,"8,644.38"
2568,2025,ชลบุรี,Chon Buri,ขาเข้า,Arrival,เศษโลหะและแร่,Scrap metals and minerals,วัสดุก่อสร้างและแร่ธาตุ,Construction Materials & Minerals,"12,095.58"
2568,2025,ชลบุรี,Chon Buri,ขาเข้า,Arrival,สินค้าเบ็ดเตล็ด,Miscellaneous goods,คอนเทนเนอร์และสินค้าเบ็ดเตล็ด,Containers & Miscellaneous Goods,"585,408.92"
2568,2025,ชลบุรี,Chon Buri,ขาเข้า,Arrival,อาหารสัตว์,Animal feed,ปศุสัตว์และอาหาร,Livestock & Food Products,"4,922,309.19"
2568,2025,ชลบุรี,Chon Buri,ขาออก,Departure,ข้าว,Rice,ผลผลิตเกษตรกรรม,Agricultural Products,"3,821,319.82"
2568,2025,ชลบุรี,Chon Buri,ขาออก,Departure,คอนเทนเนอร์,Containers,คอนเทนเนอร์และสินค้าเบ็ดเตล็ด,Containers & Miscellaneous Goods,"55,233,189.40"
2568,2025,ชลบุรี,Chon Buri,ขาออก,Departure,เคมีภัณฑ์,Chemical products,เคมีภัณฑ์และปุ๋ย,Chemicals & Fertilizers,"839,865.71"
2568,2025,ชลบุรี,Chon Buri,ขาออก,Departure,เครื่องบริโภคอื่นๆ,Other food products,ปศุสัตว์และอาหาร,Livestock & Food Products,385.00
2568,2025,ชลบุรี,Chon Buri,ขาออก,Departure,เครื่องมือ/อุปกรณ์,Tools and equipment,โลหะภัณฑ์และเครื่องมือ,Metal Products & Tools/Equipment,"4,951,858.96"
2568,2025,ชลบุรี,Chon Buri,ขาออก,Departure,ซีเมนต์,Cement,วัสดุก่อสร้างและแร่ธาตุ,Construction Materials & Minerals,"3,636,076.60"
2568,2025,ชลบุรี,Chon Buri,ขาออก,Departure,น้ำตาล,Sugar,ผลผลิตเกษตรกรรม,Agricultural Products,"3,564,108.55"
2568,2025,ชลบุรี,Chon Buri,ขาออก,Departure,ปุ๋ย,Fertilizer,เคมีภัณฑ์และปุ๋ย,Chemicals & Fertilizers,"1,037,821.96"
2568,2025,ชลบุรี,Chon Buri,ขาออก,Departure,ผลผลิตเกษตรอื่นๆ,Other agricultural crops,ผลผลิตเกษตรกรรม,Agricultural Products,"935,507.58"
2568,2025,ชลบุรี,Chon Buri,ขาออก,Departure,ผลิตภัณฑ์ปิโตรเลียม,Petroleum products,พลังงานและเชื้อเพลิง,Energy & Fuel,"5,795,147.19"
2568,2025,ชลบุรี,Chon Buri,ขาออก,Departure,มันสำปะหลัง,Cassava,ผลผลิตเกษตรกรรม,Agricultural Products,"4,664,620.28"
2568,2025,ชลบุรี,Chon Buri,ขาออก,Departure,ไม้,Wood,วัสดุก่อสร้างและแร่ธาตุ,Construction Materials & Minerals,"4,586,956.28"
2568,2025,ชลบุรี,Chon Buri,ขาออก,Departure,แร่เชื้อเพลิง,Mineral fuels,พลังงานและเชื้อเพลิง,Energy & Fuel,"105,858.71"
2568,2025,ชลบุรี,Chon Buri,ขาออก,Departure,แร่ธาตุอื่นๆ,Other minerals,วัสดุก่อสร้างและแร่ธาตุ,Construction Materials & Minerals,"997,169.68"
2568,2025,ชลบุรี,Chon Buri,ขาออก,Departure,โลหะภัณฑ์,Metal products,โลหะภัณฑ์และเครื่องมือ,Metal Products & Tools/Equipment,"1,610,200.87"
2568,2025,ชลบุรี,Chon Buri,ขาออก,Departure,วัสดุก่อสร้าง,Construction materials,วัสดุก่อสร้างและแร่ธาตุ,Construction Materials & Minerals,497.00
2568,2025,ชลบุรี,Chon Buri,ขาออก,Departure,เศษโลหะและแร่,Scrap metals and minerals,วัสดุก่อสร้างและแร่ธาตุ,Construction Materials & Minerals,"39,171.00"
2568,2025,ชลบุรี,Chon Buri,ขาออก,Departure,สินค้าเบ็ดเตล็ด,Miscellaneous goods,คอนเทนเนอร์และสินค้าเบ็ดเตล็ด,Containers & Miscellaneous Goods,"271,035.71"
2568,2025,ชลบุรี,Chon Buri,ขาออก,Departure,อาหารสัตว์,Animal feed,ปศุสัตว์และอาหาร,Livestock & Food Products,"156,472.33"
2568,2025,ตรัง,Trang,ขาเข้า,Arrival,ข้าวโพด,Maize,ผลผลิตเกษตรกรรม,Agricultural Products,"102,344.00"
2568,2025,ตรัง,Trang,ขาเข้า,Arrival,คอนเทนเนอร์,Containers,คอนเทนเนอร์และสินค้าเบ็ดเตล็ด,Containers & Miscellaneous Goods,"16,720.87"
2568,2025,ตรัง,Trang,ขาเข้า,Arrival,ซีเมนต์,Cement,วัสดุก่อสร้างและแร่ธาตุ,Construction Materials & Minerals,"3,017.80"
2568,2025,ตรัง,Trang,ขาเข้า,Arrival,ผลิตภัณฑ์ปิโตรเลียม,Petroleum products,พลังงานและเชื้อเพลิง,Energy & Fuel,"18,000.00"
2568,2025,ตรัง,Trang,ขาเข้า,Arrival,แร่เชื้อเพลิง,Mineral fuels,พลังงานและเชื้อเพลิง,Energy & Fuel,"103,119.72"
2568,2025,ตรัง,Trang,ขาเข้า,Arrival,สินค้าเบ็ดเตล็ด,Miscellaneous goods,คอนเทนเนอร์และสินค้าเบ็ดเตล็ด,Containers & Miscellaneous Goods,"2,439.20"
2568,2025,ตรัง,Trang,ขาออก,Departure,คอนเทนเนอร์,Containers,คอนเทนเนอร์และสินค้าเบ็ดเตล็ด,Containers & Miscellaneous Goods,"355,375.28"
2568,2025,ตรัง,Trang,ขาออก,Departure,ซีเมนต์,Cement,วัสดุก่อสร้างและแร่ธาตุ,Construction Materials & Minerals,"533,358.00"
2568,2025,ตรัง,Trang,ขาออก,Departure,แร่ธาตุอื่นๆ,Other minerals,วัสดุก่อสร้างและแร่ธาตุ,Construction Materials & Minerals,"659,585.00"
2568,2025,ตรัง,Trang,ขาออก,Departure,สินค้าเบ็ดเตล็ด,Miscellaneous goods,คอนเทนเนอร์และสินค้าเบ็ดเตล็ด,Containers & Miscellaneous Goods,"6,244.44"
2568,2025,ตราด,Trat,ขาเข้า,Arrival,ผลิตภัณฑ์ปิโตรเลียม,Petroleum products,พลังงานและเชื้อเพลิง,Energy & Fuel,"3,927.71"
2568,2025,ตราด,Trat,ขาเข้า,Arrival,ไม้,Wood,วัสดุก่อสร้างและแร่ธาตุ,Construction Materials & Minerals,491.60
2568,2025,ตราด,Trat,ขาออก,Departure,เครื่องมือ/อุปกรณ์,Tools and equipment,โลหะภัณฑ์และเครื่องมือ,Metal Products & Tools/Equipment,86.40
2568,2025,ตราด,Trat,ขาออก,Departure,น้ำตาล,Sugar,ผลผลิตเกษตรกรรม,Agricultural Products,"5,208.50"
2568,2025,ตราด,Trat,ขาออก,Departure,วัสดุก่อสร้าง,Construction materials,วัสดุก่อสร้างและแร่ธาตุ,Construction Materials & Minerals,"1,500.00"
2568,2025,ตราด,Trat,ขาออก,Departure,สินค้าเบ็ดเตล็ด,Miscellaneous goods,คอนเทนเนอร์และสินค้าเบ็ดเตล็ด,Containers & Miscellaneous Goods,"3,120.32"
2568,2025,นครศรีธรรมราช,Nakhon Si Thammarat,ขาออก,Departure,ผลิตภัณฑ์ปิโตรเลียม,Petroleum products,พลังงานและเชื้อเพลิง,Energy & Fuel,"12,600.00"
2568,2025,นครศรีธรรมราช,Nakhon Si Thammarat,ขาออก,Departure,แร่เชื้อเพลิง,Mineral fuels,พลังงานและเชื้อเพลิง,Energy & Fuel,"56,250.00"
2568,2025,นครศรีธรรมราช,Nakhon Si Thammarat,ขาออก,Departure,แร่ธาตุอื่นๆ,Other minerals,วัสดุก่อสร้างและแร่ธาตุ,Construction Materials & Minerals,"1,584,240.00"
2568,2025,นราธิวาส,Narathiwat,ขาเข้า,Arrival,แร่ธาตุอื่นๆ,Other minerals,วัสดุก่อสร้างและแร่ธาตุ,Construction Materials & Minerals,"94,000.00"
2568,2025,นราธิวาส,Narathiwat,ขาออก,Departure,แร่ธาตุอื่นๆ,Other minerals,วัสดุก่อสร้างและแร่ธาตุ,Construction Materials & Minerals,"157,800.00"
2568,2025,ประจวบคีรีขันธ์,Prachuapkhiri Khan,ขาเข้า,Arrival,ดิน หิน ทราย,Stones Soil Sand,วัสดุก่อสร้างและแร่ธาตุ,Construction Materials & Minerals,"27,000.00"
2568,2025,ประจวบคีรีขันธ์,Prachuapkhiri Khan,ขาเข้า,Arrival,ผลผลิตเกษตรอื่นๆ,Other agricultural crops,ผลผลิตเกษตรกรรม,Agricultural Products,"12,431.02"
2568,2025,ประจวบคีรีขันธ์,Prachuapkhiri Khan,ขาเข้า,Arrival,แร่ธาตุอื่นๆ,Other minerals,วัสดุก่อสร้างและแร่ธาตุ,Construction Materials & Minerals,"138,631.01"
2568,2025,ประจวบคีรีขันธ์,Prachuapkhiri Khan,ขาเข้า,Arrival,โลหะภัณฑ์,Metal products,โลหะภัณฑ์และเครื่องมือ,Metal Products & Tools/Equipment,"1,784,845.91"
2568,2025,ประจวบคีรีขันธ์,Prachuapkhiri Khan,ขาออก,Departure,ดิน หิน ทราย,Stones Soil Sand,วัสดุก่อสร้างและแร่ธาตุ,Construction Materials & Minerals,"54,800.00"
2568,2025,ประจวบคีรีขันธ์,Prachuapkhiri Khan,ขาออก,Departure,ผลผลิตเกษตรอื่นๆ,Other agricultural crops,ผลผลิตเกษตรกรรม,Agricultural Products,"84,130.80"
2568,2025,ประจวบคีรีขันธ์,Prachuapkhiri Khan,ขาออก,Departure,แร่ธาตุอื่นๆ,Other minerals,วัสดุก่อสร้างและแร่ธาตุ,Construction Materials & Minerals,"64,938.94"
2568,2025,ประจวบคีรีขันธ์,Prachuapkhiri Khan,ขาออก,Departure,โลหะภัณฑ์,Metal products,โลหะภัณฑ์และเครื่องมือ,Metal Products & Tools/Equipment,"76,670.78"
2568,2025,ประจวบคีรีขันธ์,Prachuapkhiri Khan,ขาออก,Departure,เศษโลหะและแร่,Scrap metals and minerals,วัสดุก่อสร้างและแร่ธาตุ,Construction Materials & Minerals,"10,000.00"
2568,2025,ปัตตานี,Pattani,ขาเข้า,Arrival,แร่ธาตุอื่นๆ,Other minerals,วัสดุก่อสร้างและแร่ธาตุ,Construction Materials & Minerals,"7,500.00"
2568,2025,ปัตตานี,Pattani,ขาออก,Departure,แร่ธาตุอื่นๆ,Other minerals,วัสดุก่อสร้างและแร่ธาตุ,Construction Materials & Minerals,"7,500.00"
2568,2025,เพชรบุรี,Phetchaburi,ขาเข้า,Arrival,ผลิตภัณฑ์ปิโตรเลียม,Petroleum products,พลังงานและเชื้อเพลิง,Energy & Fuel,"2,922,300.26"
2568,2025,ภูเก็ต,Phuket,ขาเข้า,Arrival,คอนเทนเนอร์,Containers,คอนเทนเนอร์และสินค้าเบ็ดเตล็ด,Containers & Miscellaneous Goods,"50,282.00"
2568,2025,ภูเก็ต,Phuket,ขาเข้า,Arrival,เครื่องมือ/อุปกรณ์,Tools and equipment,โลหะภัณฑ์และเครื่องมือ,Metal Products & Tools/Equipment,"50,968.73"
2568,2025,ภูเก็ต,Phuket,ขาเข้า,Arrival,ผลผลิตเกษตรอื่นๆ,Other agricultural crops,ผลผลิตเกษตรกรรม,Agricultural Products,"6,500.00"
2568,2025,ภูเก็ต,Phuket,ขาเข้า,Arrival,ผลิตภัณฑ์ปิโตรเลียม,Petroleum products,พลังงานและเชื้อเพลิง,Energy & Fuel,"601,954.18"
2568,2025,ภูเก็ต,Phuket,ขาเข้า,Arrival,ไม้,Wood,วัสดุก่อสร้างและแร่ธาตุ,Construction Materials & Minerals,"44,818.74"
2568,2025,ภูเก็ต,Phuket,ขาเข้า,Arrival,ยางพารา,Rubber,ผลผลิตเกษตรกรรม,Agricultural Products,"153,200.00"
2568,2025,ภูเก็ต,Phuket,ขาเข้า,Arrival,แร่ธาตุอื่นๆ,Other minerals,วัสดุก่อสร้างและแร่ธาตุ,Construction Materials & Minerals,200.00
2568,2025,ภูเก็ต,Phuket,ขาเข้า,Arrival,สินค้าเบ็ดเตล็ด,Miscellaneous goods,คอนเทนเนอร์และสินค้าเบ็ดเตล็ด,Containers & Miscellaneous Goods,"8,196.00"
2568,2025,ภูเก็ต,Phuket,ขาออก,Departure,คอนเทนเนอร์,Containers,คอนเทนเนอร์และสินค้าเบ็ดเตล็ด,Containers & Miscellaneous Goods,"50,407.00"
2568,2025,ภูเก็ต,Phuket,ขาออก,Departure,เครื่องมือ/อุปกรณ์,Tools and equipment,โลหะภัณฑ์และเครื่องมือ,Metal Products & Tools/Equipment,"55,994.24"
2568,2025,ภูเก็ต,Phuket,ขาออก,Departure,ผลผลิตเกษตรอื่นๆ,Other agricultural crops,ผลผลิตเกษตรกรรม,Agricultural Products,"605,250.00"
2568,2025,ภูเก็ต,Phuket,ขาออก,Departure,ผลิตภัณฑ์ปิโตรเลียม,Petroleum products,พลังงานและเชื้อเพลิง,Energy & Fuel,"599,454.18"
2568,2025,ภูเก็ต,Phuket,ขาออก,Departure,ไม้,Wood,วัสดุก่อสร้างและแร่ธาตุ,Construction Materials & Minerals,"321,190.67"
2568,2025,ภูเก็ต,Phuket,ขาออก,Departure,ยางพารา,Rubber,ผลผลิตเกษตรกรรม,Agricultural Products,"231,800.00"
2568,2025,ภูเก็ต,Phuket,ขาออก,Departure,เศษโลหะและแร่,Scrap metals and minerals,วัสดุก่อสร้างและแร่ธาตุ,Construction Materials & Minerals,"8,716.47"
2568,2025,ภูเก็ต,Phuket,ขาออก,Departure,สินค้าเบ็ดเตล็ด,Miscellaneous goods,คอนเทนเนอร์และสินค้าเบ็ดเตล็ด,Containers & Miscellaneous Goods,"8,716.00"
2568,2025,ภูเก็ต,Phuket,ขาออก,Departure,อาหารสัตว์,Animal feed,ปศุสัตว์และอาหาร,Livestock & Food Products,26.00
2568,2025,ระนอง,Ranong,ขาเข้า,Arrival,ข้าวโพด,Maize,ผลผลิตเกษตรกรรม,Agricultural Products,"126,882.50"
2568,2025,ระนอง,Ranong,ขาเข้า,Arrival,คอนเทนเนอร์,Containers,คอนเทนเนอร์และสินค้าเบ็ดเตล็ด,Containers & Miscellaneous Goods,"26,574.24"
2568,2025,ระนอง,Ranong,ขาเข้า,Arrival,เครื่องบริโภคอื่นๆ,Other food products,ปศุสัตว์และอาหาร,Livestock & Food Products,"176,983.06"
2568,2025,ระนอง,Ranong,ขาเข้า,Arrival,เครื่องมือ/อุปกรณ์,Tools and equipment,โลหะภัณฑ์และเครื่องมือ,Metal Products & Tools/Equipment,"1,208.81"
2568,2025,ระนอง,Ranong,ขาเข้า,Arrival,ผลผลิตเกษตรอื่นๆ,Other agricultural crops,ผลผลิตเกษตรกรรม,Agricultural Products,"1,099.60"
2568,2025,ระนอง,Ranong,ขาเข้า,Arrival,ยางพารา,Rubber,ผลผลิตเกษตรกรรม,Agricultural Products,28.00
2568,2025,ระนอง,Ranong,ขาเข้า,Arrival,แร่ธาตุอื่นๆ,Other minerals,วัสดุก่อสร้างและแร่ธาตุ,Construction Materials & Minerals,509.73
2568,2025,ระนอง,Ranong,ขาเข้า,Arrival,สินค้าเบ็ดเตล็ด,Miscellaneous goods,คอนเทนเนอร์และสินค้าเบ็ดเตล็ด,Containers & Miscellaneous Goods,"72,637.22"
2568,2025,ระนอง,Ranong,ขาเข้า,Arrival,อาหารสัตว์,Animal feed,ปศุสัตว์และอาหาร,Livestock & Food Products,"19,152.41"
2568,2025,ระนอง,Ranong,ขาออก,Departure,คอนเทนเนอร์,Containers,คอนเทนเนอร์และสินค้าเบ็ดเตล็ด,Containers & Miscellaneous Goods,"34,425.00"
2568,2025,ระนอง,Ranong,ขาออก,Departure,เครื่องบริโภคอื่นๆ,Other food products,ปศุสัตว์และอาหาร,Livestock & Food Products,"28,115.81"
2568,2025,ระนอง,Ranong,ขาออก,Departure,ซีเมนต์,Cement,วัสดุก่อสร้างและแร่ธาตุ,Construction Materials & Minerals,"22,510.00"
2568,2025,ระนอง,Ranong,ขาออก,Departure,ปุ๋ย,Fertilizer,เคมีภัณฑ์และปุ๋ย,Chemicals & Fertilizers,"5,720.00"
2568,2025,ระนอง,Ranong,ขาออก,Departure,แร่ธาตุอื่นๆ,Other minerals,วัสดุก่อสร้างและแร่ธาตุ,Construction Materials & Minerals,212.87
2568,2025,ระนอง,Ranong,ขาออก,Departure,โลหะภัณฑ์,Metal products,โลหะภัณฑ์และเครื่องมือ,Metal Products & Tools/Equipment,"2,500.00"
2568,2025,ระนอง,Ranong,ขาออก,Departure,สินค้าเบ็ดเตล็ด,Miscellaneous goods,คอนเทนเนอร์และสินค้าเบ็ดเตล็ด,Containers & Miscellaneous Goods,"639,518.01"
2568,2025,ระนอง,Ranong,ขาออก,Departure,อาหารสัตว์,Animal feed,ปศุสัตว์และอาหาร,Livestock & Food Products,960.00
2568,2025,ระยอง,Rayong,ขาเข้า,Arrival,เคมีภัณฑ์,Chemical products,เคมีภัณฑ์และปุ๋ย,Chemicals & Fertilizers,"4,314,962.77"
2568,2025,ระยอง,Rayong,ขาเข้า,Arrival,เครื่องมือ/อุปกรณ์,Tools and equipment,โลหะภัณฑ์และเครื่องมือ,Metal Products & Tools/Equipment,"6,763.87"
2568,2025,ระยอง,Rayong,ขาเข้า,Arrival,น้ำตาล,Sugar,ผลผลิตเกษตรกรรม,Agricultural Products,"6,600.00"
2568,2025,ระยอง,Rayong,ขาเข้า,Arrival,ปุ๋ย,Fertilizer,เคมีภัณฑ์และปุ๋ย,Chemicals & Fertilizers,"43,828.00"
2568,2025,ระยอง,Rayong,ขาเข้า,Arrival,ผลผลิตเกษตรอื่นๆ,Other agricultural crops,ผลผลิตเกษตรกรรม,Agricultural Products,"52,765.30"
2568,2025,ระยอง,Rayong,ขาเข้า,Arrival,ผลิตภัณฑ์ปิโตรเลียม,Petroleum products,พลังงานและเชื้อเพลิง,Energy & Fuel,"44,832,087.10"
2568,2025,ระยอง,Rayong,ขาเข้า,Arrival,แร่เชื้อเพลิง,Mineral fuels,พลังงานและเชื้อเพลิง,Energy & Fuel,"6,936,823.00"
2568,2025,ระยอง,Rayong,ขาเข้า,Arrival,แร่ธาตุอื่นๆ,Other minerals,วัสดุก่อสร้างและแร่ธาตุ,Construction Materials & Minerals,"317,024.00"
2568,2025,ระยอง,Rayong,ขาเข้า,Arrival,โลหะภัณฑ์,Metal products,โลหะภัณฑ์และเครื่องมือ,Metal Products & Tools/Equipment,"1,963,064.33"
2568,2025,ระยอง,Rayong,ขาเข้า,Arrival,วัสดุก่อสร้าง,Construction materials,วัสดุก่อสร้างและแร่ธาตุ,Construction Materials & Minerals,"5,727.41"
2568,2025,ระยอง,Rayong,ขาเข้า,Arrival,เศษโลหะและแร่,Scrap metals and minerals,วัสดุก่อสร้างและแร่ธาตุ,Construction Materials & Minerals,"57,497.44"
2568,2025,ระยอง,Rayong,ขาเข้า,Arrival,สินค้าเบ็ดเตล็ด,Miscellaneous goods,คอนเทนเนอร์และสินค้าเบ็ดเตล็ด,Containers & Miscellaneous Goods,"42,365.99"
2568,2025,ระยอง,Rayong,ขาออก,Departure,เคมีภัณฑ์,Chemical products,เคมีภัณฑ์และปุ๋ย,Chemicals & Fertilizers,"4,106,555.98"
2568,2025,ระยอง,Rayong,ขาออก,Departure,เครื่องมือ/อุปกรณ์,Tools and equipment,โลหะภัณฑ์และเครื่องมือ,Metal Products & Tools/Equipment,"6,613.22"
2568,2025,ระยอง,Rayong,ขาออก,Departure,ดิน หิน ทราย,Stones Soil Sand,วัสดุก่อสร้างและแร่ธาตุ,Construction Materials & Minerals,"216,500.00"
2568,2025,ระยอง,Rayong,ขาออก,Departure,ปุ๋ย,Fertilizer,เคมีภัณฑ์และปุ๋ย,Chemicals & Fertilizers,"82,816.00"
2568,2025,ระยอง,Rayong,ขาออก,Departure,ผลผลิตเกษตรอื่นๆ,Other agricultural crops,ผลผลิตเกษตรกรรม,Agricultural Products,"8,681.49"
2568,2025,ระยอง,Rayong,ขาออก,Departure,ผลิตภัณฑ์ปิโตรเลียม,Petroleum products,พลังงานและเชื้อเพลิง,Energy & Fuel,"10,720,859.61"
2568,2025,ระยอง,Rayong,ขาออก,Departure,แร่ธาตุอื่นๆ,Other minerals,วัสดุก่อสร้างและแร่ธาตุ,Construction Materials & Minerals,"43,900.00"
2568,2025,ระยอง,Rayong,ขาออก,Departure,โลหะภัณฑ์,Metal products,โลหะภัณฑ์และเครื่องมือ,Metal Products & Tools/Equipment,"878,018.79"
2568,2025,ระยอง,Rayong,ขาออก,Departure,เศษโลหะและแร่,Scrap metals and minerals,วัสดุก่อสร้างและแร่ธาตุ,Construction Materials & Minerals,"83,425.00"
2568,2025,ระยอง,Rayong,ขาออก,Departure,สินค้าเบ็ดเตล็ด,Miscellaneous goods,คอนเทนเนอร์และสินค้าเบ็ดเตล็ด,Containers & Miscellaneous Goods,"51,951.58"
2568,2025,สงขลา,Songkhla,ขาเข้า,Arrival,ข้าวโพด,Maize,ผลผลิตเกษตรกรรม,Agricultural Products,"93,741.00"
2568,2025,สงขลา,Songkhla,ขาเข้า,Arrival,คอนเทนเนอร์,Containers,คอนเทนเนอร์และสินค้าเบ็ดเตล็ด,Containers & Miscellaneous Goods,"748,444.20"
2568,2025,สงขลา,Songkhla,ขาเข้า,Arrival,เคมีภัณฑ์,Chemical products,เคมีภัณฑ์และปุ๋ย,Chemicals & Fertilizers,"48,453.07"
2568,2025,สงขลา,Songkhla,ขาเข้า,Arrival,เครื่องบริโภคอื่นๆ,Other food products,ปศุสัตว์และอาหาร,Livestock & Food Products,"41,602.24"
2568,2025,สงขลา,Songkhla,ขาเข้า,Arrival,ผลผลิตเกษตรอื่นๆ,Other agricultural crops,ผลผลิตเกษตรกรรม,Agricultural Products,"3,813.00"
2568,2025,สงขลา,Songkhla,ขาเข้า,Arrival,ผลิตภัณฑ์ปิโตรเลียม,Petroleum products,พลังงานและเชื้อเพลิง,Energy & Fuel,"93,600.00"
2568,2025,สงขลา,Songkhla,ขาเข้า,Arrival,ไม้,Wood,วัสดุก่อสร้างและแร่ธาตุ,Construction Materials & Minerals,"26,982.17"
2568,2025,สงขลา,Songkhla,ขาเข้า,Arrival,สินค้าเบ็ดเตล็ด,Miscellaneous goods,คอนเทนเนอร์และสินค้าเบ็ดเตล็ด,Containers & Miscellaneous Goods,"61,551.45"
2568,2025,สงขลา,Songkhla,ขาออก,Departure,คอนเทนเนอร์,Containers,คอนเทนเนอร์และสินค้าเบ็ดเตล็ด,Containers & Miscellaneous Goods,"990,352.64"
2568,2025,สงขลา,Songkhla,ขาออก,Departure,เคมีภัณฑ์,Chemical products,เคมีภัณฑ์และปุ๋ย,Chemicals & Fertilizers,"3,600.00"
2568,2025,สงขลา,Songkhla,ขาออก,Departure,เครื่องบริโภคอื่นๆ,Other food products,ปศุสัตว์และอาหาร,Livestock & Food Products,"12,609.24"
2568,2025,สงขลา,Songkhla,ขาออก,Departure,เครื่องมือ/อุปกรณ์,Tools and equipment,โลหะภัณฑ์และเครื่องมือ,Metal Products & Tools/Equipment,730.00
2568,2025,สงขลา,Songkhla,ขาออก,Departure,ดิน หิน ทราย,Stones Soil Sand,วัสดุก่อสร้างและแร่ธาตุ,Construction Materials & Minerals,"545,700.00"
2568,2025,สงขลา,Songkhla,ขาออก,Departure,ผลิตภัณฑ์ปิโตรเลียม,Petroleum products,พลังงานและเชื้อเพลิง,Energy & Fuel,"32,522.17"
2568,2025,สงขลา,Songkhla,ขาออก,Departure,ไม้,Wood,วัสดุก่อสร้างและแร่ธาตุ,Construction Materials & Minerals,"656,275.26"
2568,2025,สงขลา,Songkhla,ขาออก,Departure,โลหะภัณฑ์,Metal products,โลหะภัณฑ์และเครื่องมือ,Metal Products & Tools/Equipment,"30,756.48"
2568,2025,สงขลา,Songkhla,ขาออก,Departure,วัสดุก่อสร้าง,Construction materials,วัสดุก่อสร้างและแร่ธาตุ,Construction Materials & Minerals,130.00
2568,2025,สงขลา,Songkhla,ขาออก,Departure,สินค้าเบ็ดเตล็ด,Miscellaneous goods,คอนเทนเนอร์และสินค้าเบ็ดเตล็ด,Containers & Miscellaneous Goods,"745,463.95"
2568,2025,สตูล,Satun,ขาออก,Departure,ผลผลิตเกษตรอื่นๆ,Other agricultural crops,ผลผลิตเกษตรกรรม,Agricultural Products,266.13
2568,2025,สตูล,Satun,ขาออก,Departure,วัสดุก่อสร้าง,Construction materials,วัสดุก่อสร้างและแร่ธาตุ,Construction Materials & Minerals,"16,499.36"
2568,2025,สตูล,Satun,ขาออก,Departure,สินค้าเบ็ดเตล็ด,Miscellaneous goods,คอนเทนเนอร์และสินค้าเบ็ดเตล็ด,Containers & Miscellaneous Goods,"1,060.00"
2568,2025,สมุทรปราการ,Samut Prakan,ขาเข้า,Arrival,คอนเทนเนอร์,Containers,คอนเทนเนอร์และสินค้าเบ็ดเตล็ด,Containers & Miscellaneous Goods,"809,899.49"
2568,2025,สมุทรปราการ,Samut Prakan,ขาเข้า,Arrival,เคมีภัณฑ์,Chemical products,เคมีภัณฑ์และปุ๋ย,Chemicals & Fertilizers,"1,338,309.05"
2568,2025,สมุทรปราการ,Samut Prakan,ขาเข้า,Arrival,เครื่องบริโภคอื่นๆ,Other food products,ปศุสัตว์และอาหาร,Livestock & Food Products,"374,704.82"
2568,2025,สมุทรปราการ,Samut Prakan,ขาเข้า,Arrival,ดิน หิน ทราย,Stones Soil Sand,วัสดุก่อสร้างและแร่ธาตุ,Construction Materials & Minerals,"8,800.00"
2568,2025,สมุทรปราการ,Samut Prakan,ขาเข้า,Arrival,ปุ๋ย,Fertilizer,เคมีภัณฑ์และปุ๋ย,Chemicals & Fertilizers,"66,508.75"
2568,2025,สมุทรปราการ,Samut Prakan,ขาเข้า,Arrival,ผลผลิตเกษตรอื่นๆ,Other agricultural crops,ผลผลิตเกษตรกรรม,Agricultural Products,"94,488.13"
2568,2025,สมุทรปราการ,Samut Prakan,ขาเข้า,Arrival,ผลิตภัณฑ์ปิโตรเลียม,Petroleum products,พลังงานและเชื้อเพลิง,Energy & Fuel,"690,919.11"
2568,2025,สมุทรปราการ,Samut Prakan,ขาเข้า,Arrival,โลหะภัณฑ์,Metal products,โลหะภัณฑ์และเครื่องมือ,Metal Products & Tools/Equipment,"2,939.06"
2568,2025,สมุทรปราการ,Samut Prakan,ขาเข้า,Arrival,สินค้าเบ็ดเตล็ด,Miscellaneous goods,คอนเทนเนอร์และสินค้าเบ็ดเตล็ด,Containers & Miscellaneous Goods,"14,620.57"
2568,2025,สมุทรปราการ,Samut Prakan,ขาออก,Departure,ข้าว,Rice,ผลผลิตเกษตรกรรม,Agricultural Products,"356,212.52"
2568,2025,สมุทรปราการ,Samut Prakan,ขาออก,Departure,ข้าวโพด,Maize,ผลผลิตเกษตรกรรม,Agricultural Products,"8,800.00"
2568,2025,สมุทรปราการ,Samut Prakan,ขาออก,Departure,คอนเทนเนอร์,Containers,คอนเทนเนอร์และสินค้าเบ็ดเตล็ด,Containers & Miscellaneous Goods,"1,633,592.48"
2568,2025,สมุทรปราการ,Samut Prakan,ขาออก,Departure,เคมีภัณฑ์,Chemical products,เคมีภัณฑ์และปุ๋ย,Chemicals & Fertilizers,"260,515.82"
2568,2025,สมุทรปราการ,Samut Prakan,ขาออก,Departure,เครื่องบริโภคอื่นๆ,Other food products,ปศุสัตว์และอาหาร,Livestock & Food Products,"10,948.46"
2568,2025,สมุทรปราการ,Samut Prakan,ขาออก,Departure,เครื่องมือ/อุปกรณ์,Tools and equipment,โลหะภัณฑ์และเครื่องมือ,Metal Products & Tools/Equipment,254.00
2568,2025,สมุทรปราการ,Samut Prakan,ขาออก,Departure,ซีเมนต์,Cement,วัสดุก่อสร้างและแร่ธาตุ,Construction Materials & Minerals,"19,966.00"
2568,2025,สมุทรปราการ,Samut Prakan,ขาออก,Departure,น้ำตาล,Sugar,ผลผลิตเกษตรกรรม,Agricultural Products,"388,143.92"
2568,2025,สมุทรปราการ,Samut Prakan,ขาออก,Departure,ปุ๋ย,Fertilizer,เคมีภัณฑ์และปุ๋ย,Chemicals & Fertilizers,"6,945.00"
2568,2025,สมุทรปราการ,Samut Prakan,ขาออก,Departure,ผลผลิตเกษตรอื่นๆ,Other agricultural crops,ผลผลิตเกษตรกรรม,Agricultural Products,"49,641.32"
2568,2025,สมุทรปราการ,Samut Prakan,ขาออก,Departure,ผลิตภัณฑ์ปิโตรเลียม,Petroleum products,พลังงานและเชื้อเพลิง,Energy & Fuel,"19,289.61"
2568,2025,สมุทรปราการ,Samut Prakan,ขาออก,Departure,มันสำปะหลัง,Cassava,ผลผลิตเกษตรกรรม,Agricultural Products,"39,058.20"
2568,2025,สมุทรปราการ,Samut Prakan,ขาออก,Departure,แร่ธาตุอื่นๆ,Other minerals,วัสดุก่อสร้างและแร่ธาตุ,Construction Materials & Minerals,"56,500.00"
2568,2025,สมุทรปราการ,Samut Prakan,ขาออก,Departure,วัสดุก่อสร้าง,Construction materials,วัสดุก่อสร้างและแร่ธาตุ,Construction Materials & Minerals,"50,253.29"
2568,2025,สมุทรปราการ,Samut Prakan,ขาออก,Departure,เศษโลหะและแร่,Scrap metals and minerals,วัสดุก่อสร้างและแร่ธาตุ,Construction Materials & Minerals,"40,300.00"
2568,2025,สมุทรปราการ,Samut Prakan,ขาออก,Departure,สินค้าเบ็ดเตล็ด,Miscellaneous goods,คอนเทนเนอร์และสินค้าเบ็ดเตล็ด,Containers & Miscellaneous Goods,"38,029.86"
2568,2025,สมุทรสาคร,Samut Sakon,ขาเข้า,Arrival,เครื่องบริโภคอื่นๆ,Other food products,ปศุสัตว์และอาหาร,Livestock & Food Products,"37,858.74"
2568,2025,สมุทรสาคร,Samut Sakon,ขาเข้า,Arrival,ดิน หิน ทราย,Stones Soil Sand,วัสดุก่อสร้างและแร่ธาตุ,Construction Materials & Minerals,"2,550.00"
2568,2025,สมุทรสาคร,Samut Sakon,ขาเข้า,Arrival,ผลผลิตเกษตรอื่นๆ,Other agricultural crops,ผลผลิตเกษตรกรรม,Agricultural Products,"94,593.22"
2568,2025,สมุทรสาคร,Samut Sakon,ขาเข้า,Arrival,ผลิตภัณฑ์ปิโตรเลียม,Petroleum products,พลังงานและเชื้อเพลิง,Energy & Fuel,"4,620.00"
2568,2025,สมุทรสาคร,Samut Sakon,ขาเข้า,Arrival,แร่ธาตุอื่นๆ,Other minerals,วัสดุก่อสร้างและแร่ธาตุ,Construction Materials & Minerals,"2,500.00"
2568,2025,สมุทรสาคร,Samut Sakon,ขาเข้า,Arrival,สินค้าเบ็ดเตล็ด,Miscellaneous goods,คอนเทนเนอร์และสินค้าเบ็ดเตล็ด,Containers & Miscellaneous Goods,"16,457.61"
2568,2025,สมุทรสาคร,Samut Sakon,ขาออก,Departure,ผลผลิตเกษตรอื่นๆ,Other agricultural crops,ผลผลิตเกษตรกรรม,Agricultural Products,"8,479.34"
2568,2025,สมุทรสาคร,Samut Sakon,ขาออก,Departure,ผลิตภัณฑ์ปิโตรเลียม,Petroleum products,พลังงานและเชื้อเพลิง,Energy & Fuel,"2,310.00"
2568,2025,สุราษฎร์ธานี,Surat Thani,ขาเข้า,Arrival,เคมีภัณฑ์,Chemical products,เคมีภัณฑ์และปุ๋ย,Chemicals & Fertilizers,"12,823.56"
2568,2025,สุราษฎร์ธานี,Surat Thani,ขาเข้า,Arrival,ผลผลิตเกษตรอื่นๆ,Other agricultural crops,ผลผลิตเกษตรกรรม,Agricultural Products,"11,200.00"
2568,2025,สุราษฎร์ธานี,Surat Thani,ขาเข้า,Arrival,ผลิตภัณฑ์ปิโตรเลียม,Petroleum products,พลังงานและเชื้อเพลิง,Energy & Fuel,"43,745.50"
2568,2025,สุราษฎร์ธานี,Surat Thani,ขาเข้า,Arrival,แร่เชื้อเพลิง,Mineral fuels,พลังงานและเชื้อเพลิง,Energy & Fuel,"78,022.55"
2568,2025,สุราษฎร์ธานี,Surat Thani,ขาเข้า,Arrival,แร่ธาตุอื่นๆ,Other minerals,วัสดุก่อสร้างและแร่ธาตุ,Construction Materials & Minerals,"91,200.00"
2568,2025,สุราษฎร์ธานี,Surat Thani,ขาออก,Departure,เคมีภัณฑ์,Chemical products,เคมีภัณฑ์และปุ๋ย,Chemicals & Fertilizers,"2,335.71"
2568,2025,สุราษฎร์ธานี,Surat Thani,ขาออก,Departure,ผลผลิตเกษตรอื่นๆ,Other agricultural crops,ผลผลิตเกษตรกรรม,Agricultural Products,"395,378.15"
2568,2025,สุราษฎร์ธานี,Surat Thani,ขาออก,Departure,ไม้,Wood,วัสดุก่อสร้างและแร่ธาตุ,Construction Materials & Minerals,"81,760.00"
2568,2025,สุราษฎร์ธานี,Surat Thani,ขาออก,Departure,แร่ธาตุอื่นๆ,Other minerals,วัสดุก่อสร้างและแร่ธาตุ,Construction Materials & Minerals,"4,192,219.00"
2568,2025,สุราษฎร์ธานี,Surat Thani,ขาออก,Departure,สินค้าเบ็ดเตล็ด,Miscellaneous goods,คอนเทนเนอร์และสินค้าเบ็ดเตล็ด,Containers & Miscellaneous Goods,"20,551.60"
,,,,,,,,,,
,,,,,,,,,,
,,,,,,,,,,
